-- phpMyAdmin SQL Dump
-- version 3.4.10.1
-- http://www.phpmyadmin.net
--
-- Client: localhost
-- Généré le : Mar 18 Février 2014 à 15:38
-- Version du serveur: 5.5.20
-- Version de PHP: 5.3.10

SET SQL_MODE="NO_AUTO_VALUE_ON_ZERO";
SET time_zone = "+00:00";


/*!40101 SET @OLD_CHARACTER_SET_CLIENT=@@CHARACTER_SET_CLIENT */;
/*!40101 SET @OLD_CHARACTER_SET_RESULTS=@@CHARACTER_SET_RESULTS */;
/*!40101 SET @OLD_COLLATION_CONNECTION=@@COLLATION_CONNECTION */;
/*!40101 SET NAMES utf8 */;

--
-- Base de données: `meteo`
--

-- --------------------------------------------------------

-- --------------------------------------------------------

--
-- Structure de la table `commune`
--

CREATE TABLE IF NOT EXISTS `commune` (
  `numInsee` char(8) COLLATE utf8_unicode_ci NOT NULL,
  `codePostal` char(5) COLLATE utf8_unicode_ci NOT NULL,
  `nomCourt` varchar(50) COLLATE utf8_unicode_ci NOT NULL,
  `nom` varchar(50) COLLATE utf8_unicode_ci NOT NULL,
  `numDept` char(3) COLLATE utf8_unicode_ci NOT NULL,
  PRIMARY KEY (`numInsee`),
  KEY `numDept` (`numDept`)
) ENGINE=InnoDB DEFAULT CHARSET=utf8 COLLATE=utf8_unicode_ci;


--
-- Contenu de la table `commune`
--

INSERT INTO `commune` (`numInsee`, `codePostal`, `nomCourt`, `nom`, `numDept`) VALUES
('COM74056',	 '74400',	 'CHAMONIX-MONT-BLANC',	 'Chamonix-Mont-Blanc',	 '74'),
('COM67180', '67500', 'HAGUENAU', 'Haguenau', '67'),
('COM41018', '41000', 'BLOIS', 'Blois', '41'),
('COM67482', '67000', 'STRASBOURG', 'Strasbourg', '67'),
('COM37261', '37000', 'TOURS', 'Tours', '37'),
('COM6088', '60000', 'NICE', 'Nice', '06'),
('COM52448', '52100', 'SAINT-DIZIER', 'Saint-Dizier', '52'),
('COM51454', '51100', 'REIMS', 'Reims', '51'),
('COM10387', '10000', 'TROYES', 'Troyes', '10'),
('COM41194', '41200', 'ROMORANTIN-LANTHENAY', 'Romorantin-Lanthenay', '41'),
('COM37003', '37400', 'AMBOISE', 'Amboise', '37'),
('COM37063', '37110', 'CHATEAU-RENAULT', 'Château-Renault', '37'),
('COM38185', '38000', 'GRENOBLE', 'Grenoble', '38'),
('COM13005', '13400', 'AUBAGNE', 'Aubagne', '13');



--
-- Structure de la table `departement`
--

CREATE TABLE IF NOT EXISTS `departement` (
  `numDept` char(3) COLLATE utf8_unicode_ci NOT NULL,
  `nom` varchar(200) COLLATE utf8_unicode_ci NOT NULL DEFAULT '',
  `codeRegion` char(3) COLLATE utf8_unicode_ci NOT NULL,
  PRIMARY KEY (`numDept`),
  KEY `codeRegion` (`codeRegion`)
) ENGINE=InnoDB DEFAULT CHARSET=utf8 COLLATE=utf8_unicode_ci;

--
-- Contenu de la table `departement`
--

INSERT INTO `departement` (`numDept`, `nom`, `codeRegion`) VALUES
('01', 'Ain', '82'),
('02', 'Aisne', '22'),
('03', 'Allier', '83'),
('04', 'Alpes de Haute provence', '93'),
('05', 'Hautes-Alpes', '93'),
('06', 'Alpes Maritime', '93'),
('07', 'Ardeche', '82'),
('08', 'Ardennes', '21'),
('09', 'Ariege', '73'),
('10', 'Aube', '21'),
('11', 'Aude', '91'),
('12', 'Aveyron', '73'),
('13', 'Bouches-du-Rhone', '93'),
('14', 'Calvados', '25'),
('15', 'Cantal', '83'),
('16', 'Charente', '54'),
('17', 'Charente-Maritime', '54'),
('18', 'Cher', '24'),
('19', 'Correze', '74'),
('21', 'Cote d''Or', '26'),
('22', 'Cotes d''Armor', '53'),
('23', 'Creuse', '74'),
('24', 'Dordogne', '72'),
('25', 'Doubs', '43'),
('26', 'Drome', '82'),
('27', 'Eure', '23'),
('28', 'Eure-et-Loir', '24'),
('29', 'Finistere', '53'),
('2A', 'Corse-du-Sud', '94'),
('2B', 'Haute-Corse', '94'),
('30', 'Gard', '91'),
('31', 'Haute-Garonne', '73'),
('32', 'Gers', '73'),
('33', 'Gironde', '72'),
('34', 'Herault', '91'),
('35', 'Ile-et-Vilaine', '53'),
('36', 'Indre', '24'),
('37', 'Indre-et-Loire', '24'),
('38', 'Isere', '82'),
('39', 'Jura', '43'),
('40', 'Landes', '72'),
('41', 'Loir-et-Cher', '24'),
('42', 'Loire', '82'),
('43', 'Haute-Loire', '83'),
('44', 'Loire-Atlantique', '52'),
('45', 'Loiret', '24'),
('46', 'Lot', '73'),
('47', 'Lot-et-Garonne', '72'),
('48', 'Lozere', '91'),
('49', 'Maine-et-Loire', '52'),
('50', 'Manche', '25'),
('51', 'Marne', '21'),
('52', 'Haute-Marne', '21'),
('53', 'Mayenne', '52'),
('54', 'Meurthe-et-Moselle', '41'),
('55', 'Meuse', '41'),
('56', 'Morbihan', '53'),
('57', 'Moselle', '41'),
('58', 'Nievre', '26'),
('59', 'Nord', '31'),
('60', 'Oise', '22'),
('61', 'Orne', '25'),
('62', 'Pas-de-Calais', '31'),
('63', 'Puy-de-Dome', '83'),
('64', 'Pyrenees-Atlantiques', '72'),
('65', 'Hautes-Pyrénées', '73'),
('66', 'Pyrénées-Orientales', '91'),
('67', 'Bas-Rhin', '42'),
('68', 'Haut-Rhin', '42'),
('69', 'Rhone', '82'),
('70', 'Haute-Saone', '43'),
('71', 'Saone-et-Loire', '26'),
('72', 'Sarthe', '52'),
('73', 'Savoie', '82'),
('74', 'Haute-Savoie', '82'),
('75', 'Paris', '11'),
('76', 'Seine-Maritime', '23'),
('77', 'Seine-et-Marne', '11'),
('78', 'Yvelines', '11'),
('79', 'Deux-S', '54'),
('80', 'Somme', '22'),
('81', 'Tarn', '73'),
('82', 'Tarn-et-Garonne', '73'),
('83', 'Var', '93'),
('84', 'Vaucluse', '93'),
('85', 'Vend', '52'),
('86', 'Vienne', '54'),
('87', 'Haute-Vienne', '74'),
('88', 'Vosges', '41'),
('89', 'Yonne', '26'),
('90', 'Territoire-de-Belfort', '43'),
('91', 'Essonne', '11'),
('92', 'Hauts-de-Seine', '11'),
('93', 'Seine-Saint-Denis', '11'),
('94', 'Val-de-Marne', '11'),
('95', 'Val-d''Oise', '11');

-- --------------------------------------------------------

--
-- Structure de la table `personne`
--

CREATE TABLE IF NOT EXISTS `personne` (
  `idPersonne` int(10) unsigned NOT NULL AUTO_INCREMENT,
  `nom` varchar(64) COLLATE utf8_unicode_ci NOT NULL DEFAULT '',
  `prenom` varchar(64) COLLATE utf8_unicode_ci NOT NULL DEFAULT '',
  `idStation` int(10) unsigned NOT NULL DEFAULT '0',
  PRIMARY KEY (`idPersonne`),
  KEY `stat_idx` (`idStation`)
) ENGINE=InnoDB  DEFAULT CHARSET=utf8 COLLATE=utf8_unicode_ci AUTO_INCREMENT=8 ;

--
-- Contenu de la table `personne`
--

INSERT INTO `personne` (`idPersonne`, `nom`, `prenom`, `idStation`) VALUES
(1, 'Pluit', 'Barbara', 1),
(2, 'Leille', 'Enzo', 2),
(3, 'Rolog', 'Matteo', 1),
(4, 'Hiboulet', 'Serge', 3),
(5, 'Enhiver', 'Geoffroy', 14),
(7, 'Brume', 'Jean', 10);

-- --------------------------------------------------------

--
-- Structure de la table `region`
--

CREATE TABLE IF NOT EXISTS `region` (
  `codeRegion` char(2) COLLATE utf8_unicode_ci NOT NULL,
  `nom` varchar(40) COLLATE utf8_unicode_ci NOT NULL,
  `codeChefLieu` char(8) COLLATE utf8_unicode_ci NOT NULL,
  PRIMARY KEY (`codeRegion`)
) ENGINE=InnoDB DEFAULT CHARSET=utf8 COLLATE=utf8_unicode_ci;

--
-- Contenu de la table `region`
--

INSERT INTO `region` (`codeRegion`, `nom`, `codeChefLieu`) VALUES
('1', 'Guadeloupe', 'COM97105'),
('11', 'Ile-de-France', 'COM75056'),
('2', 'Martinique', 'COM63113'),
('21', 'Champagne-Ardennes', 'COM51108'),
('22', 'Picardie', 'COM51108'),
('23', 'Haute-Normandie', 'COM76540'),
('24', 'Centre', 'COM45234'),
('25', 'Basse-Normandie', 'COM14118'),
('26', 'Bourgogne', 'COM21231'),
('3', 'Guyane', 'COM97302'),
('31', 'Nord-Pas-de-Calais', 'COM35238'),
('4', 'La Réunion', 'COM97411'),
('41', 'Lorraine', 'COM33063'),
('42', 'Alsace', 'COM67482'),
('43', 'Franche-Comt', 'COM25056'),
('52', 'Pays de la Loire', 'COM45234'),
('53', 'Bretagne', 'COM35238'),
('54', 'Poitou-Charentes', 'COM2A004'),
('72', 'Aquitaine', 'COM33063'),
('73', 'Midi-Pyrénées', 'COM21231'),
('74', 'Limousin', 'COM67482'),
('82', 'Rhône-Alpes', 'COM69300'),
('83', 'Auvergne', 'COM63113'),
('91', 'Languedoc-Roussillon', 'COM34172'),
('93', 'Provence-Alpes-Côte d''Azur', 'COM25056'),
('94', 'Corse', 'COM20004');

-- --------------------------------------------------------

--
-- Structure de la table `releve`
--

CREATE TABLE IF NOT EXISTS `releve` (
  `idReleve` bigint(20) unsigned NOT NULL AUTO_INCREMENT,
  `Tmin` decimal(10,1) DEFAULT NULL,
  `Tmax` decimal(10,1) DEFAULT NULL,
  `Tmoy` decimal(10,1) DEFAULT NULL,
  `Pmin` decimal(10,1) DEFAULT NULL,
  `Pmax` decimal(10,1) DEFAULT NULL,
  `VentMax` decimal(10,1) DEFAULT NULL,
  `VentDir` varchar(6) COLLATE utf8_unicode_ci DEFAULT NULL,
  `PrecipJour` decimal(10,0) DEFAULT NULL,
  `hygroMoy` smallint(6) DEFAULT NULL,
  `Ensoleillement` smallint(6) DEFAULT NULL,
  `Observations` varchar(100) COLLATE utf8_unicode_ci DEFAULT NULL,
  `idPersonne` int(10) unsigned NOT NULL DEFAULT '0',
  `idStation` int(10) unsigned NOT NULL DEFAULT '0',
  `dateRel` date NOT NULL,
  PRIMARY KEY (`idReleve`),
  KEY `pers_idx` (`idPersonne`),
  KEY `stat_idx` (`idStation`)
) ENGINE=InnoDB  DEFAULT CHARSET=utf8 COLLATE=utf8_unicode_ci AUTO_INCREMENT=1261 ;

--
-- Contenu de la table `releve`
--

INSERT INTO `releve` (`idReleve`, `Tmin`, `Tmax`, `Tmoy`, `Pmin`, `Pmax`, `VentMax`, `VentDir`, `PrecipJour`, `hygroMoy`, `Ensoleillement`, `Observations`, `idPersonne`, `idStation`, `dateRel`) VALUES
(1, '0.0', '10.0', '5.4', '1023.1', '1026.8', '29.0', 'SSW', '1', NULL, 5, 'Ciel se couvrant rapidement Bruines l''AM.Temp. maxi en fin de nuit', 1, 1, '1999-12-01'),
(2, '6.0', '10.9', '8.5', '1021.8', '1028.0', '33.8', 'SW', '0', NULL, 20, 'Ciel tres charge avec eclaicies s''elargissant l''AM.Quelques gouttes', 1, 1, '1999-12-02'),
(3, '3.0', '11.4', '7.6', '1012.6', '1027.4', '56.3', 'SW', '2', NULL, 50, 'Voile de cirrus.Ciel se couvrant en fin d''AM avec coup de vent .Pluie la nuit', 1, 1, '1999-12-03'),
(4, '1.0', '6.0', '3.8', '1011.1', '1015.0', '25.0', 'W', '11', NULL, 0, 'Pluie continue melee a quelques flocons l''AM.Temp.maxi a 7h;Temp.mini vers 15h', 1, 1, '1999-12-04'),
(5, '0.0', '5.8', '3.3', '1013.4', '1030.3', '25.7', 'W', '0', NULL, 45, 'Passages nuageux et larges eclaircies', 1, 1, '1999-12-05'),
(6, '-2.0', '5.8', '1.7', '1024.5', '1030.4', '38.6', 'SSW', '0', NULL, 5, 'Courtes eclaircies le matin puis couvert, Gouttes vers 21h.Temp.maxi vers minuit', 1, 1, '1999-12-06'),
(7, '3.0', '9.5', '6.5', '1015.9', '1024.8', '35.4', 'SSW', '2', NULL, 20, 'Belles eclaircies a partir de 10h,voile l''AM,pluie en soiree et nuit.Temp. maxi vers 3h', 1, 1, '1999-12-07'),
(8, '6.0', '10.8', '8.5', '1010.7', '1019.5', '32.2', 'SSW', '0', NULL, 30, 'Eclaircies et passages nuageux,plus nombreux l''AM,petite averse vers 21h', 1, 1, '1999-12-08'),
(9, '7.0', '10.3', '8.7', '1002.7', '1010.7', '30.6', 'SSW W', '3', NULL, 0, 'Couvert avec faible pluie l''AM et en soiree.Temp.mini vers 17h', 1, 1, '1999-12-09'),
(10, '5.0', '8.7', '6.9', '1002.4', '1010.6', '24.5', 'SW', '0', NULL, 25, 'Belles eclaicies le matin,couvert l''AM avec bruine vers 16h', 1, 1, '1999-12-10'),
(11, '2.0', '12.7', '7.6', '999.6', '1010.7', '54.7', 'S', '16', NULL, 0, 'Couvert avec pluie s''intensifiant l''AM, averses avec vent fort en soiree. Temp.maxi vers 23h', 1, 1, '1999-12-11'),
(12, '5.0', '12.8', '9.3', '990.5', '1004.2', '70.8', 'S/SW', '6', NULL, 10, 'Tres agite avec averses,tonnerre et vent fort (70km/h a 14h40). Temp.mini vers 18h45', 1, 1, '1999-12-12'),
(13, '4.0', '7.6', '5.9', '1003.1', '1012.7', '51.5', 'SW/S', '4', NULL, 15, 'Ciel de traine avec petites averses. Vent fort en soiree, pluie en fin de nuit', 1, 1, '1999-12-13'),
(14, '1.0', '7.1', '4.5', '997.0', '1003.1', '33.8', 'W', '4', NULL, 20, 'Pluie le matin,giboulee de neige fondante l''AM,belles eclaircies.Temp.mini a 18h55.Neige en fin de n', 1, 1, '1999-12-14'),
(15, '0.0', '2.9', '1.0', '1003.0', '1013.5', '16.1', 'Var.', '4', NULL, 35, 'Averses de neige et larges eclaircies Neige tenant au sol vers 23h (1cm au sol a 6hUTC)', 1, 1, '1999-12-15'),
(16, '-5.0', '1.3', '-1.9', '1013.5', '1028.8', '11.3', 'Var.', '0', NULL, 45, 'Ensoleille le matin,nuages bas l''AM,clair la nuit.(1cm de neige au sol a 6hUTC)', 1, 1, '1999-12-16'),
(17, '-3.0', '5.0', '0.5', '1016.3', '1028.6', '43.5', 'S', '23', NULL, 35, 'Ciel clair le matin se voilant,couvert l''AM avec flocons,neige mouillee puis pluie la nuit.Temp.maxi', 1, 1, '1999-12-17'),
(18, '0.0', '6.4', '3.5', '1012.7', '1016.4', '41.8', 'NW/NN', '46', NULL, 0, 'Pluie le matin,bruinel''AM,a nouveau pluie la nuit puis neige vers 6h 30. Temp.mini la veille au soir', 1, 1, '1999-12-18'),
(19, '-1.0', '2.7', '0.6', '1008.1', '1019.8', '38.6', 'NNE', '8', NULL, 45, 'Tempete de neige jusqu''a11h , ensoleille l''AM.Temp.mini a 17h30. Flocons la nuit(7cm a 6hUTC)', 1, 1, '1999-12-19'),
(20, '-5.0', '1.3', '-1.9', '1019.6', '1028.1', '17.7', 'NW', '1', NULL, 10, 'Petites eclaircies et passages nuageux avec flocons en debut d''AM et vers 23h.(8cm a 6hUTC)', 1, 1, '1999-12-20'),
(21, '-3.0', '1.9', '-0.8', '1027.9', '1033.0', '16.1', 'NNE', '0', NULL, 25, 'Nuages bas et belles periodes ensoleillees,voile l''AM,clair la nuit (7cm de neige a 6hUTC)', 1, 1, '1999-12-21'),
(22, '-7.0', '-2.8', '-5.2', '1028.1', '1033.4', '14.5', 'NNE', '0', NULL, 0, 'Nuages bas toute la journee. 1er jour sans degel.Ciel clair la nuit (7cm de neige a 6hUTC)', 1, 1, '1999-12-22'),
(23, '-9.0', '1.2', '-4.1', '1025.0', '1028.4', '8.0', 'Var.', '0', NULL, 10, 'De plus en plus voile le matin,couvert avec gouttes verglacantes l''AM (5cm de neige au sol a 6hUTC)', 1, 1, '1999-12-23'),
(24, '-2.0', '10.2', '4.0', '1008.5', '1025.1', '41.8', 'SSW', '2', NULL, 20, 'Voile le matin,couvert l''AM,pluie la nuit. Fonte totale de la neige;Temp.maxi vers 6h le 25', 1, 1, '1999-12-24'),
(25, '5.0', '10.4', '7.7', '998.5', '1008.5', '59.5', 'SSW WS', '14', NULL, 5, 'Pluie le matin,averses l''AM avec coups de vent,eclaircies vers 16h.Temp.mini le 24 au soir', 1, 1, '1999-12-25'),
(26, '3.0', '11.4', '7.5', '975.8', '1005.3', '136.8', 'S/W', '10', NULL, 20, 'Forte tempete a la mi-journee: 136,8km/h enregistre a 11h20. Gros degats.Ciel de traine l''AM', 1, 1, '1999-12-26'),
(27, '2.0', '7.3', '4.8', '980.7', '1000.2', '45.1', 'W/NE', '12', NULL, 20, 'Belles eclaicies le matin,couvert l''AM. Pluie en soiree et neige en fin de nuit (1cm au sol a 6h UTC', 1, 1, '1999-12-27'),
(28, '0.0', '4.7', '2.2', '978.2', '1005.4', '49.9', 'NW', '2', NULL, 0, 'Couvert toute la journee avec faible pluie en debut de matinee et en soiree', 1, 1, '1999-12-28'),
(29, '1.0', '4.9', '2.9', '1005.4', '1021.8', '19.3', 'WNW', '0', NULL, 10, 'Couvert avec petites eclaircies surtout le matin', 1, 1, '1999-12-29'),
(30, '0.0', '3.9', '2.1', '1021.6', '1026.6', '27.4', 'SSW', '1', NULL, 5, 'Couvert avec petites eclaircies le matin.Quelques flocons et bruine', 1, 1, '1999-12-30'),
(31, '0.0', '4.2', '2.4', '1021.5', '1025.0', '27.4', 'S', '0', NULL, 5, 'Couvert avec petites eclaircies en milieu de journee.Bruine L''AM', 1, 1, '1999-12-31'),
(32, '1.0', '11.1', '6.4', '1027.6', '1027.6', '17.7', 'Var.', '0', NULL, 80, 'Journee bien ensoleillee.quelques bancs de stratus le matin.voile s''epaississant en soiree', 3, 1, '2000-02-01'),
(33, '2.0', '9.1', '5.6', '1028.3', '1028.3', '17.7', 'SW /', '1', NULL, 5, 'Ciel se couvrant rapidement le matin, faible pluie l''AM', 3, 1, '2000-02-02'),
(34, '2.0', '7.7', '5.0', '1038.5', '1038.5', '27.4', 'WNW', '0', NULL, 15, 'Stratocumulus laissant passer un peu le soleil puis nuages bas avec trouees', 3, 1, '2000-02-03'),
(35, '3.0', '10.4', '7.1', '1038.9', '1038.9', '17.7', 'SW', '0', NULL, 75, 'Couverture nuageuse en debut de matinee, puis un ciel clair se voilant en fin d''AM.Bruine en cours', 3, 1, '2000-02-04'),
(36, '5.0', '13.3', '9.2', '1036.4', '1036.4', '16.1', 'SSW', '0', NULL, 90, 'Couvert jusqu''a9h puis ciel clair', 3, 1, '2000-02-05'),
(37, '2.0', '12.8', '7.5', '1029.1', '1029.1', '16.1', 'SW', '0', NULL, 65, 'Generalement bien ensoleille avec voile plus ou moins epais.Couvert en fin de nuit avec gouttes', 3, 1, '2000-02-06'),
(38, '5.0', '11.7', '8.7', '1022.6', '1022.6', '38.6', 'WSW/', '1', NULL, 5, 'Couvert avec faibles pluies le matin, petites eclaircies en mi-journee puis a nouveau couvert.Pluie', 3, 1, '2000-02-07'),
(39, '7.0', '13.0', '10.1', '1017.4', '1017.4', '54.7', 'SSW/', '11', NULL, 0, 'Couvert avec vent, pluie l''AM, en soiree et en fin de nuit.Temp.mini la veille au soir', 3, 1, '2000-02-08'),
(40, '3.0', '8.3', '5.9', '1030.3', '1030.3', '45.1', 'W /S', '0', NULL, 45, 'Vent fort.Nuages avec eclaicies s''elargissant l''AM', 3, 1, '2000-02-09'),
(41, '2.0', '11.1', '6.8', '1030.1', '1030.1', '35.4', 'SSW/', '8', NULL, 80, 'Ciel clair avec quelques cirrus le matin, voile s''epaississant en milieu d''AM. Pluie en soiree et n', 3, 1, '2000-02-10'),
(42, '1.0', '7.8', '4.7', '1030.9', '1030.9', '17.7', 'NNE', '0', NULL, 45, 'Ciel partage entre soleil et nuages', 3, 1, '2000-02-11'),
(43, '-3.0', '7.2', '2.0', '1029.6', '1029.6', '32.2', 'SSW', '0', NULL, 85, 'Journee bien ensoleillee,passages nuageux l''AM.Couvert avec pluie en fin de nuit', 3, 1, '2000-02-12'),
(44, '3.0', '9.1', '6.4', '1025.1', '1025.1', '32.2', 'SSW/', '5', NULL, 0, 'Couvert avec petites pluies. Eclaircies la nuit', 3, 1, '2000-02-13'),
(45, '0.0', '7.2', '3.8', '1026.4', '1026.4', '25.7', 'SSW', '3', NULL, 15, 'Brume/brouillard jusqu''en milieu de matinee puis eclaicies.Retour de la grisaille l''AM.Temp.maxi et', 3, 1, '2000-02-14'),
(46, '5.0', '11.2', '8.4', '1019.7', '1019.7', '46.7', 'W /S', '9', NULL, 30, 'Gris et humide le matin,averses et belles eclaicies l''AM.Pluie la nuit avec tonnerre vers 5h45.', 3, 1, '2000-02-15'),
(47, '1.0', '7.1', '4.1', '1009.2', '1009.2', '40.2', 'W /S', '5', NULL, 30, 'Variable le matin,averses de neige et de neige fondue l''AM.Forte averse de neige en fin de nuit.(Bl', 3, 1, '2000-02-16'),
(48, '0.0', '5.7', '3.2', '1017.6', '1017.6', '30.6', 'W /S', '0', NULL, 25, 'Couvert avec quelques flocons fondants le matin,eclaircies l''AM', 3, 1, '2000-02-17'),
(49, '0.0', '7.6', '4.0', '1017.6', '1017.6', '40.2', 'SSW', '4', NULL, 0, 'Neige tenant temporairement au sol le matin,petites pluies l''AM, en soiree et nuit', 3, 1, '2000-02-18'),
(50, '4.0', '9.5', '7.2', '1015.5', '1015.5', '27.4', 'W /N', '3', NULL, 15, 'Averses de pluie et eclaircies. Temp.mini a 19h', 3, 1, '2000-02-19'),
(51, '2.0', '5.1', '3.8', '1030.4', '1030.4', '25.7', 'NNW/', '0', NULL, 10, 'Chute de neige plus ou moins fondante le matin,ciel se degageant en milieu d''AM.Flocons en fin de n', 3, 1, '2000-02-20'),
(52, '0.0', '6.1', '2.8', '1031.6', '1031.6', '14.5', 'S', '0', NULL, 30, 'Ciel voile le matin,couverture nuageuse importante avec petites eclaircies l''AM', 3, 1, '2000-02-21'),
(53, '0.0', '8.7', '4.2', '1028.7', '1028.7', '14.5', 'Var.', '0', NULL, 45, 'Soleil voile par des stratocumulus le matin puis larges eclaircies.Retour des nuages en cours d''AM', 3, 1, '2000-02-22'),
(54, '2.0', '7.5', '4.9', '1029.0', '1029.0', '25.7', 'S', '0', NULL, 0, 'Couvert toute la journee', 3, 1, '2000-02-23'),
(55, '4.0', '10.4', '7.5', '1028.8', '1028.8', '41.8', 'SSW', '3', NULL, 0, 'Couvert toute la journee avec pluie et bruine.Temp.maxi vers 6h le 25/02', 3, 1, '2000-02-24'),
(56, '6.0', '11.1', '8.6', '1033.5', '1033.5', '35.4', 'SW /', '2', NULL, 0, 'Couvert.Pluie en milieu de journee. Temp.mini a 19h le 24/02', 3, 1, '2000-02-25'),
(57, '0.0', '10.1', '5.3', '1033.6', '1033.6', '20.9', 'NNE', '0', NULL, 65, 'Soleil et passages nuageux', 3, 1, '2000-02-26'),
(58, '0.0', '12.6', '6.3', '1031.7', '1031.7', '11.3', 'Var.', '0', NULL, 75, 'Nuages bas jusqu''a10h15 puis soleil avec quelques cirrus', 3, 1, '2000-02-27'),
(59, '1.0', '18.7', '10.2', '1024.0', '1024.0', '40.2', 'SSW', '1', NULL, 75, 'Plein soleil le matin.Effet de foehn. Nuages s''epaississant en cours d''AM. Pluie en soiree', 3, 1, '2000-02-28'),
(60, '6.0', '9.9', '8.1', '1024.0', '1024.0', '41.8', 'SSW', '9', NULL, 5, 'Petites eclaircies a l''aube puis couvert avec pluies faibles l''AM,soutenues en soiree et nuit', 3, 1, '2000-02-29'),
(61, '3.0', '8.9', '6.1', '1003.1', '1017.2', '40.2', 'SW /', '4', NULL, 0, 'Couvert.Averses de pluie et gresil vers 14h, et avec tonnerre vers 18h. Temp.mini a 19h', 1, 1, '2000-03-01'),
(62, '1.0', '7.4', '4.2', '1017.2', '1027.3', '43.5', 'SSW', '4', NULL, 45, 'Bien ensoleille le matin avec gros cumulus.Couverture nuageuse importante l''AM', 1, 1, '2000-03-02'),
(63, '5.0', '8.7', '6.9', '1009.7', '1021.1', '45.1', 'SSW/', '13', NULL, 0, 'Couvert.Pluies faibles l''AM,plus soutenues en soiree', 1, 1, '2000-03-03'),
(64, '2.0', '6.9', '4.8', '1009.7', '1032.0', '37.0', 'WNW', '13', NULL, 50, 'Ciel de traine.Averse de neige vers 13h', 1, 1, '2000-03-04'),
(65, '-2.0', '6.4', '2.2', '1032.0', '1036.3', '24.1', 'SW', '13', NULL, 50, 'Ciel clair le matin,passages nuageux importants l''AM.A nouveau clair en soiree et nuit', 1, 1, '2000-03-05'),
(66, '-2.0', '10.1', '3.7', '1029.4', '1035.4', '16.1', 'SSW', '13', NULL, 100, 'Ciel clair,quelques cirrus l''AM', 1, 1, '2000-03-06'),
(67, '-1.0', '13.3', '5.8', '1026.9', '1029.9', '29.0', 'SW', '13', NULL, 50, 'Soleil et passages nuageux.Quelques gouttes l''AM', 1, 1, '2000-03-07'),
(68, '8.0', '12.6', '10.6', '1026.4', '1029.0', '35.4', 'WSW', '16', NULL, 0, 'Malgres les hautes pressions:Ciel couvert, avec pluie l''AM', 1, 1, '2000-03-08'),
(69, '10.0', '13.6', '11.9', '1025.5', '1027.4', '37.0', 'WSW', '16', NULL, 0, 'Grisaille (stratus) avec quelques trouees.Petite averse en fin de nuit. Temp.mini la veille au soir', 1, 1, '2000-03-09'),
(70, '8.0', '13.2', '11.0', '1023.9', '1029.4', '38.6', 'WSW', '16', NULL, 10, 'Stratus avec eclaircies,plus larges l''AM', 1, 1, '2000-03-10'),
(71, '8.0', '10.6', '9.7', '1020.1', '1024.1', '37.0', 'W', '16', NULL, 2, 'Couvert jusqu''a16h puis petites eclaircies.Temp.maxi a 7h ;Temp.mini a 19h', 1, 1, '2000-03-11'),
(72, '1.0', '12.4', '7.1', '1024.0', '1026.4', '27.4', 'NNE', '16', NULL, 90, 'Beaucoup de soleil avec quelques nuages en mi-journee.', 1, 1, '2000-03-12'),
(73, '0.0', '14.1', '7.1', '1024.6', '1026.9', '16.1', 'Var.', '16', NULL, 95, 'Plein soleil jusqu''a18h puis arrivee des nuages.Couvert avec gouttes en cours de nuit', 1, 1, '2000-03-13'),
(74, '8.0', '12.4', '10.5', '1017.9', '1026.2', '40.2', 'SW /', '22', NULL, 0, 'Couvert avec petites pluies par moment.Bourrasques avec averses en soiree', 3, 1, '2000-03-14'),
(75, '3.0', '8.8', '5.9', '1022.9', '1032.0', '33.8', 'NW /', '22', NULL, 65, 'Soleil et gros cumulus. Gouttes en cours de nuit', 3, 1, '2000-03-15'),
(76, '5.0', '10.1', '7.7', '1029.0', '1031.5', '25.7', 'WNW', '22', NULL, 0, 'Couvert toute la journee, un peu de bruine en fin de nuit', 3, 1, '2000-03-16'),
(77, '7.0', '10.8', '9.3', '1026.0', '1029.6', '27.4', 'NW', '22', NULL, 0, 'Couvert toute la journee, un peu de bruine en matinee', 3, 1, '2000-03-17'),
(78, '7.0', '10.6', '9.1', '1025.7', '1028.0', '24.1', 'NW /', '23', NULL, 0, 'Couvert toute la journee, bruine vers 13h et en soiree', 3, 1, '2000-03-18'),
(79, '5.0', '9.3', '7.4', '1027.8', '1031.3', '30.6', 'NNE', '23', NULL, 20, 'Stratus avec courtes eclaircies le matin,de plus en plus larges l''AM', 3, 1, '2000-03-19'),
(80, '2.0', '10.5', '6.3', '1024.9', '1030.1', '33.8', 'NNE', '23', NULL, 65, 'Ciel clair a l''aube se voilant progressivement en cours de journee (Cirrostratus)', 1, 1, '2000-03-20'),
(81, '2.0', '14.4', '8.3', '1019.9', '1025.0', '22.5', 'NNE', '23', NULL, 95, 'Soleil avec quelques cirrus', 1, 1, '2000-03-21'),
(82, '1.0', '18.3', '9.8', '1016.5', '1020.7', '16.1', 'Var.', '23', NULL, 100, 'Plein soleil /Ciel clair', 3, 1, '2000-03-22'),
(83, '2.0', '16.8', '9.6', '1011.4', '1017.6', '14.5', 'Var.', '23', NULL, 35, 'De plus en plus voile le matin,couvert l''AM.Petites pluie en soiree', 3, 1, '2000-03-23'),
(84, '8.0', '16.3', '12.4', '1010.8', '1016.5', '38.6', 'SW', '24', NULL, 20, 'Eclaircies le matin,couvert avec gouttes en fin d''AM et soiree', 3, 1, '2000-03-24'),
(85, '8.0', '16.3', '12.3', '1012.3', '1017.8', '33.8', 'SW', '25', NULL, 25, 'Alternance de passages nuageux et d''eclaircies.Pluie en cours de nuit', 3, 1, '2000-03-25'),
(86, '5.0', '12.5', '9.1', '1008.7', '1014.4', '27.4', 'Var.', '25', NULL, 10, 'Couvert le matin, eclaircies dans un ciel charge l''AM avec gouttes.Averse en soiree', 1, 1, '2000-03-26'),
(87, '3.0', '10.2', '7.0', '1007.4', '1010.5', '16.5', 'Var.', '25', NULL, 15, 'Nuageux avec eclaircies,petite averse vers 13h', 1, 1, '2000-03-27'),
(88, '4.0', '10.6', '7.5', '1010.4', '1012.7', '38.6', 'NNE', '25', NULL, 55, 'Bien ensoleille avec bancs de stratus le matin et gros cumulus l''AM', 3, 1, '2000-03-28'),
(89, '2.0', '8.6', '5.6', '1005.7', '1011.9', '40.2', 'NNE /', '47', NULL, 0, 'Couvert toute la journee.Pluie a partir de 16h, s''intensifiant en soiree et nuit', 3, 1, '2000-03-29'),
(90, '3.0', '5.6', '4.7', '1008.1', '1012.6', '30.6', 'WSW', '58', NULL, 0, 'Couvert et pluvieux toute la journee. Arret des precipitations en milieu de nuit', 3, 1, '2000-03-30'),
(91, '4.0', '12.2', '8.4', '1005.8', '1012.6', '16.1', 'W', '61', NULL, 25, 'Ciel charge le matin avec petite averse vers 10h. Belles eclaircies l''AM. Averse a l''aube du 1er/04', 3, 1, '2000-03-31'),
(92, '3.0', '8.9', '6.3', '1015.3', '1018.6', '13.0', 'Var.', '1', NULL, 0, 'Brouillard /brume toute la journee Pluie en cours de nuit', 1, 1, '2000-12-01'),
(93, '6.0', '11.0', '8.7', '1013.8', '1018.6', '13.0', 'Var.', '1', NULL, 5, 'Gris et humide avec faibles pluies, trouees l''AM', 1, 1, '2000-12-02'),
(94, '7.0', '10.9', '9.3', '1014.6', '1021.7', '24.0', 'SW /N', '0', NULL, 5, 'Couvert toute la journee, trouees le matin', 1, 1, '2000-12-03'),
(95, '0.0', '9.5', '5.1', '1016.3', '1020.8', '19.0', 'Var.', '0', NULL, 50, 'Ciel se voilant de plus en plus. Faibles pluies en cours de soiree. Temp. maxi vers 23h30', 1, 1, '2000-12-04'),
(96, '3.0', '12.9', '8.4', '1014.9', '1019.3', '11.0', 'Var.', '0', NULL, 75, 'Brumeux puis soleil voile', 1, 1, '2000-12-05'),
(97, '2.0', '8.3', '5.5', '1014.0', '1015.9', '15.0', 'Var.', '5', NULL, 5, 'petites eclaircies a l''aube puis temps couvert et  faiblement pluvieux', 1, 1, '2000-12-06'),
(98, '4.0', '9.6', '6.9', '1004.0', '1015.5', '15.0', 'NE', '4', NULL, 5, 'petites eclaircies a l''aube puis temps couvert et  faiblement pluvieux', 1, 1, '2000-12-07'),
(99, '7.0', '11.7', '9.8', '1004.1', '1013.0', '34.0', 'S', '4', NULL, 0, 'Couvert avec pluies intermittentes', 1, 1, '2000-12-08'),
(100, '5.0', '13.8', '9.8', '1012.8', '1017.8', '26.0', 'SSW', '0', NULL, 65, 'Soleil et nuages', 3, 1, '2000-12-09'),
(101, '6.0', '12.7', '9.5', '1015.8', '1023.0', '45.0', 'SSW', '2', NULL, 0, 'Couvert et pluie, vent Eclairs en soiree. Temp. maxi vers minuit', 1, 1, '2000-12-10'),
(102, '9.0', '15.5', '12.3', '1023.0', '1026.2', '32.0', 'SSW', '0', NULL, 75, 'Bien ensoleille avec bancs de cirrus', 1, 1, '2000-12-11'),
(103, '10.0', '15.5', '13.2', '1016.7', '1025.0', '55.0', 'S', '0', NULL, 50, 'Belles eclaircies puis de plus en  plus voile.Coups de vent vers 4h avec Temp. maxi a la meme heure', 1, 1, '2000-12-12'),
(104, '9.0', '13.7', '11.7', '1015.8', '1021.2', '39.0', 'SSW', '0', NULL, 25, 'Eclaircies le matin devenant de plus  en plus rares l''AM. Couvert en soiree. Bruine en fin de nuit', 1, 1, '2000-12-13'),
(105, '8.0', '10.1', '9.2', '1004.8', '1017.0', '34.0', 'SSW', '10', NULL, 5, 'Couvert et humide avec pluies frequentes', 1, 1, '2000-12-14'),
(106, '4.0', '6.4', '5.4', '1004.7', '1011.4', '34.0', 'W', '0', NULL, 5, 'Faibles pluies entrecoupees de timides eclaircies', 1, 1, '2000-12-15'),
(107, '3.0', '5.8', '4.5', '1011.1', '1014.3', '29.0', 'WSW', '2', NULL, 30, 'Soleil et nuages Pluie la nuit', 1, 1, '2000-12-16'),
(108, '3.0', '5.9', '4.8', '1012.0', '1018.3', '19.0', 'SSW  W', '0', NULL, 10, 'Eclaircies le matin, couvert et humide l''AM', 1, 1, '2000-12-17'),
(109, '0.0', '5.2', '3.0', '1018.1', '1019.7', '10.0', 'Var.', '9', NULL, 10, 'Eclaircies le matin, couvert et humide l''AM, pluie la nuit. Temp. maxi au matin du 19/12', 1, 1, '2000-12-18'),
(110, '4.0', '7.5', '6.1', '1018.6', '1021.4', '35.0', 'SW /N', '2', NULL, 0, 'Couvert et humide avec faibles pluies', 1, 1, '2000-12-19'),
(111, '1.0', '4.7', '3.2', '1019.0', '1020.7', '35.0', 'NNE', '0', NULL, 70, 'Soleil plus ou moins voile. Temp. mini a 19H', 1, 1, '2000-12-20'),
(112, '-1.0', '1.1', '-0.1', '1020.6', '1022.9', '31.0', 'NNE', '0', NULL, 50, 'Nuages bas le matin, soleil l''AM', 1, 1, '2000-12-21'),
(113, '-4.0', '-0.3', '-2.4', '1017.4', '1022.5', '24.0', 'NNE', '0', NULL, 60, 'Soleil et bancs de stratus', 1, 1, '2000-12-22'),
(114, '-4.0', '2.3', '-1.2', '1010.9', '1017.4', '11.0', 'NNE', '0', NULL, 45, 'Nuages bas le matin, soleil brumeux l''AM. Temp. mini la veille vers 21h', 1, 1, '2000-12-23'),
(115, '-1.0', '0.8', '-0.5', '998.1', '1010.9', '18.0', 'Var.', '2', NULL, 0, 'Couvert, pluies en cours de nuit', 1, 1, '2000-12-24'),
(116, '0.0', '1.7', '0.7', '994.2', '998.2', '13.0', 'NE', '5', NULL, 0, 'Gris et humide avec faibles pluies. Temp. mini la veille au soir', 1, 1, '2000-12-25'),
(117, '1.0', '4.7', '2.9', '988.8', '995.3', '8.0', 'ENE', '3', NULL, 0, 'Couvert avec pluies en debut  de matinee et soiree', 1, 1, '2000-12-26'),
(118, '1.0', '7.9', '4.8', '988.8', '992.5', '10.0', 'Var.', '0', NULL, 30, 'Nuages et eclaircies', 1, 1, '2000-12-27'),
(119, '2.0', '6.0', '4.1', '992.5', '1000.4', '34.0', 'W /SW', '0', NULL, 25, 'Neige fondante le matin, eclaircies l''AM', 3, 1, '2000-12-28'),
(120, '0.0', '2.0', '0.9', '997.0', '1001.8', '13.0', 'SSW', '4', NULL, 0, 'Couvert avec faibles chutes de neige', 1, 1, '2000-12-29'),
(121, '0.0', '1.6', '0.6', '997.2', '1012.4', '32.0', 'NW /SW', '0', NULL, 0, 'Nuages bas Temp. mini la veille au soir Temp. maxi vers 24h', 1, 1, '2000-12-30'),
(122, '0.0', '4.2', '1.8', '1012.4', '1019.3', '18.0', 'Var.', '0', NULL, 70, 'Soleil et nuages le matin. Ciel pratiquement clair l''AM', 1, 1, '2000-12-31'),
(123, '3.0', '10.9', '7.0', '1004.2', '1008.4', '32.0', 'SW /', '1', NULL, 15, 'Ciel charge avec petites averses, un peu de soleil par moment', 1, 1, '2000-04-01'),
(124, '0.0', '16.9', '8.6', '997.9', '1008.2', '21.0', 'NNE', '1', NULL, 95, 'Ciel clair avec voile de cirrus s''epaississant en soiree', 1, 1, '2000-04-02'),
(125, '6.0', '18.7', '12.6', '989.0', '998.0', '31.0', 'NNE', '1', NULL, 25, 'Nuageux avec averse puis larges eclaircies en mi-journee.Couvert en fin d''AM. Gouttes en soiree', 1, 1, '2000-04-03'),
(126, '11.0', '18.9', '15.3', '992.3', '997.6', '35.0', 'NNE', '8', NULL, 30, 'Alternance de periodes de soleil et passages nuageux/Cumulonimbus Averse vers 17h30 puis pluie', 1, 1, '2000-04-04'),
(127, '6.0', '11.7', '9.3', '997.3', '1016.5', '39.0', 'NNE', '28', NULL, 0, 'Ciel charge avec pluie intermittente le matin, continue l''AM. Temp.mini a 20h', 1, 1, '2000-04-05'),
(128, '3.0', '9.5', '6.3', '1016.5', '1029.9', '39.0', 'NNE', '28', NULL, 75, 'Couvert jusqu''en milieu de matinee puis plein soleil avec un ou deux petits cumulus', 1, 1, '2000-04-06'),
(129, '2.0', '12.4', '7.2', '1028.5', '1031.9', '37.0', 'NNE', '28', NULL, 95, 'Soleil avec bancs de cirrus', 1, 1, '2000-04-07'),
(130, '1.0', '15.5', '8.5', '1016.2', '1028.9', '29.0', 'NNE', '28', NULL, 85, 'Ciel clair le matin, se voilant progressivement en cours d''AM', 3, 1, '2000-04-08'),
(131, '6.0', '16.1', '11.1', '1008.4', '1016.3', '34.0', 'NNE', '28', NULL, 75, 'Soleil avec bancs de cirrus, cirrostratus en soiree', 3, 1, '2000-04-09'),
(132, '5.0', '15.6', '10.6', '1004.8', '1009.3', '39.0', 'NNE', '28', NULL, 90, 'Soleil avec quelques cirrus, cirrostratus en soiree', 3, 1, '2000-04-10'),
(133, '6.0', '14.3', '10.4', '992.9', '1004.8', '45.0', 'Var.', '36', NULL, 15, 'Couvert mais lumineux le matin puis eclaircies et gros cumulus avec averses. Coup de vent a l''aube', 1, 1, '2000-04-11'),
(134, '5.0', '9.6', '7.6', '990.1', '998.4', '35.0', 'WSW/', '37', NULL, 20, 'Charge le matin puis periodes de soleil et passages nuageux avec averses l''AM', 3, 1, '2000-04-12'),
(135, '5.0', '13.1', '9.4', '998.1', '1003.1', '43.0', 'SSW', '38', NULL, 50, 'Larges periodes de soleil et gros cumulus. Pluie en cours de nuit. Vent', 3, 1, '2000-04-13'),
(136, '6.0', '12.1', '9.4', '999.7', '1004.0', '27.0', 'NNE', '41', NULL, 10, 'Couvert avec petites pluies le matin. Eclaircies l''AM. Averses en cours de nuit', 3, 1, '2000-04-14'),
(137, '7.0', '13.7', '10.4', '998.2', '1005.0', '42.0', 'S /S', '44', NULL, 20, 'Couvert et pluvieux le matin. Eclaircies s''elargissant en cours d''AM. Averse vers 20h', 3, 1, '2000-04-15'),
(138, '3.0', '15.5', '9.5', '998.3', '1005.9', '31.0', 'S /N', '46', NULL, 30, 'Soleil jusqu''en fin de matinee. Couvert et pluvieux l''AM et soiree', 3, 1, '2000-04-16'),
(139, '8.0', '12.8', '10.5', '997.7', '1011.1', '26.0', 'SW /', '46', NULL, 0, 'Couvert, petite averse en matinee', 3, 1, '2000-04-17'),
(140, '7.0', '14.7', '10.9', '1009.2', '1013.3', '16.0', 'Var.', '47', NULL, 5, 'Couvert mais lumineux le matin . Soleil voile dans un ciel laiteux l''AM. Bruine en soiree', 1, 1, '2000-04-18'),
(141, '8.0', '17.1', '12.6', '1008.8', '1016.7', '19.0', 'W /NW', '47', NULL, 75, 'Bien ensoleille avec passages nuageux', 1, 1, '2000-04-19'),
(142, '5.0', '21.7', '13.4', '1013.8', '1017.4', '21.0', 'N', '47', NULL, 90, 'Plein soleil jusqu''en fin d''AM puis voile de cirrus', 1, 1, '2000-04-20'),
(143, '10.0', '22.5', '16.6', '1014.0', '1018.3', '26.0', 'NW', '47', NULL, 60, 'Soleil et bancs de cirrus le matin. Sratocumulus l''AM avec trouees', 1, 1, '2000-04-21'),
(144, '10.0', '27.3', '19.1', '1008.9', '1017.6', '18.0', 'Var.', '47', NULL, 85, 'Journee estivale avec soleil se voilant en fin d''AM', 1, 1, '2000-04-22'),
(145, '13.0', '22.7', '18.2', '1008.7', '1012.6', '37.0', 'SW/W', '53', NULL, 20, 'Soleil voile le matin. Ciel se couvrant en cours d''AM. Pluie en soiree et nuit Temp.mini a 20h', 1, 1, '2000-04-23'),
(146, '10.0', '15.8', '12.9', '1012.2', '1015.8', '22.0', 'W /N', '53', NULL, 15, 'Couvert/frais et humide le matin, retour des eclaircies en fin d''AM', 1, 1, '2000-04-24'),
(147, '4.0', '21.7', '13.3', '1011.6', '1015.9', '19.0', 'S /N', '53', NULL, 95, 'Ciel clair avec deux ou trois petits cumulus', 3, 1, '2000-04-25'),
(148, '8.0', '26.1', '17.4', '1010.0', '1011.7', '22.0', 'Var.', '53', NULL, 95, 'Ciel clair le matin, quelques petits cumulus l''AM, cirrus en soiree', 3, 1, '2000-04-26'),
(149, '13.0', '22.8', '17.9', '1004.8', '1012.0', '27.0', 'NNE', '53', NULL, 20, 'Soleil voile dans un ciel laiteux, couvert en mi-journee', 3, 1, '2000-04-27'),
(150, '12.0', '25.0', '18.6', '1004.0', '1012.3', '40.0', 'WNW', '53', NULL, 60, 'Bien ensoleille le matin. Voile s''epaississant l''AM. Couvert avec vent fort en soiree', 3, 1, '2000-04-28'),
(151, '12.0', '16.9', '14.7', '1012.2', '1019.9', '21.0', 'WNW', '53', NULL, 0, 'Couvert avec quelques gouttes vers 9h. Trouees en soiree', 3, 1, '2000-04-29'),
(152, '11.0', '23.2', '17.4', '1018.8', '1021.6', '19.0', 'Var.', '53', NULL, 60, 'Stratus et eclaircies le matin, soleil et cumulus l''AM', 3, 1, '2000-04-30'),
(153, '-2.0', '2.5', '-0.1', '1002.0', '1013.5', '19.0', 'N /NE', '4', NULL, 0, 'Couvert avec pluie l''AM et nuit. Temp. maxi le matin du 2/01', 1, 1, '2001-01-01'),
(154, '0.0', '8.7', '4.8', '999.7', '1003.1', '39.0', 'S', '0', NULL, 5, 'Couvert avec petites pluies. Eclaircies en fin d''AM', 1, 1, '2001-01-02'),
(155, '5.0', '9.4', '7.7', '1002.6', '1012.0', '35.0', 'SW', '0', NULL, 50, 'Averses le matin puis soleil et nuages. Retour de la pluie  en fin de nuit. Temp. mini en soiree', 1, 1, '2001-01-03'),
(156, '1.0', '8.7', '5.3', '1001.5', '1009.3', '37.0', 'S', '4', NULL, 0, 'Couvert avec faibles pluies  en mi-journee', 1, 1, '2001-01-04'),
(157, '6.0', '12.6', '9.5', '993.3', '1007.5', '47.0', 'SSW', '17', NULL, 0, 'Pluie et vent', 1, 1, '2001-01-05'),
(158, '7.0', '10.4', '8.8', '995.0', '1010.4', '37.0', 'SSW', '0', NULL, 0, 'Couvert avec pluies residuelles. Temp. maxi a 7h', 3, 1, '2001-01-06'),
(159, '4.0', '8.1', '6.1', '1010.2', '1013.8', '13.0', 'SSW', '0', NULL, 35, 'Couvert le matin puis belles eclaircies l''AM', 3, 1, '2001-01-07'),
(160, '2.0', '6.7', '4.7', '1012.9', '1016.7', '15.0', 'WNW', '0', NULL, 5, 'Couvert avec quelques gouttes. Trouees en soiree', 3, 1, '2001-01-08'),
(161, '0.0', '7.9', '3.7', '1013.3', '1018.1', '18.0', 'Var.', '1', NULL, 45, 'Couverture nuageuse se dechirant en cours de matinee, soleil l''AM. Pluie en deuxieme moitie de nuit', 3, 1, '2001-01-09'),
(162, '0.0', '4.7', '2.7', '1011.2', '1013.9', '11.0', 'NE', '6', NULL, 5, 'Couvert avec averses', 3, 1, '2001-01-10'),
(163, '3.0', '5.5', '4.7', '1012.8', '1020.5', '44.0', 'NNE', '1', NULL, 0, 'Ciel bas et gris avec pluies le matin', 3, 1, '2001-01-11'),
(164, '0.0', '2.2', '1.6', '1020.3', '1025.4', '48.0', 'NNE', '0', NULL, 30, 'Nuages bas le matin laissant place a de larges eclaircies l''AM. Vent de NNE sensible', 3, 1, '2001-01-12'),
(165, '0.0', '1.8', '0.6', '1025.0', '1030.0', '48.0', 'NNE', '0', NULL, 95, 'Soleil Vent de NNE sensible', 3, 1, '2001-01-13'),
(166, '-3.0', '1.2', '-1.1', '1025.4', '1029.9', '52.0', 'NNE', '0', NULL, 100, 'Soleil Vent de NNE sensible', 3, 1, '2001-01-14'),
(167, '-4.0', '1.3', '-1.5', '1023.7', '1025.5', '34.0', 'NNE', '0', NULL, 100, 'Soleil', 3, 1, '2001-01-15'),
(168, '-6.0', '-0.3', '-3.6', '1021.2', '1024.1', '16.0', 'NNE', '0', NULL, 90, 'Soleil. Arrivee de quelques nuages en soiree', 3, 1, '2001-01-16'),
(169, '-6.0', '2.4', '-1.9', '1018.6', '1021.4', '10.0', 'NNE', '0', NULL, 65, 'Encore bien ensoleille le matin. Ciel se voilant de plus en plus l''AM. Couvert en cours de nuit', 3, 1, '2001-01-17'),
(170, '-1.0', '1.6', '0.1', '1018.8', '1020.0', '15.0', 'NNE', '0', NULL, 5, 'Faibles chutes de neige le matin, trouees l''AM', 3, 1, '2001-01-18'),
(171, '-3.0', '-0.1', '-1.7', '1019.1', '1023.7', '13.0', 'NE', '1', NULL, 0, 'Flocons le matin dans un ciel restant gris toute la journee', 3, 1, '2001-01-19'),
(172, '0.0', '3.0', '1.2', '1022.2', '1026.1', '20.0', 'NE', '2', NULL, 0, 'Couvert avec pluie et neige melee l''AM', 1, 1, '2001-01-20'),
(173, '-3.0', '2.1', '-0.9', '1018.7', '1027.2', '11.0', 'Var.', '4', NULL, 15, 'Petites eclaircies en cours de journee. Chutes de neige en soiree  (3 cm vers minuit) puis pluie', 1, 1, '2001-01-21'),
(174, '0.0', '10.9', '5.4', '1007.0', '1018.7', '26.0', 'S', '11', NULL, 25, 'Ciel charge le matin laissant passer un peu le soleil l''AM. Retour de la pluie en cours de nuit', 1, 1, '2001-01-22'),
(175, '2.0', '10.5', '6.3', '1003.8', '1009.3', '27.0', 'S', '1', NULL, 15, 'Ciel charge avec petites eclarcies. Pluie en debut de matinee et en soiree', 1, 1, '2001-01-23'),
(176, '7.0', '12.1', '9.7', '1000.4', '1009.2', '34.0', 'S', '10', NULL, 0, 'Couvert et pluvieux', 1, 1, '2001-01-24'),
(177, '1.0', '10.4', '5.8', '1003.2', '1009.0', '26.0', 'S /SW', '6', NULL, 50, 'Soleil le matin, retour des nuages en debut d''AM .Pluie en fin d''AM', 1, 1, '2001-01-25'),
(178, '3.0', '8.2', '6.0', '999.7', '1009.0', '24.0', 'S', '3', NULL, 5, 'Ciel tres charge avec trouees. Pluies en fin de nuit', 1, 1, '2001-01-26'),
(179, '2.0', '6.7', '4.4', '992.7', '1005.0', '56.0', 'SW', '2', NULL, 15, 'Ciel de traine avec averses et vent fort', 1, 1, '2001-01-27'),
(180, '0.0', '7.9', '3.8', '1001.4', '1007.5', '21.0', 'S /NN', '0', NULL, 75, 'Soleil voile par moments', 1, 1, '2001-01-28'),
(181, '-1.0', '6.3', '2.4', '1007.5', '1019.7', '23.0', 'NNE', '0', NULL, 80, 'Bien ensoleille', 1, 1, '2001-01-29'),
(182, '2.0', '5.7', '3.9', '1019.6', '1022.2', '18.0', 'NNE', '0', NULL, 80, 'Bien ensoleille', 1, 1, '2001-01-30'),
(183, '-2.0', '5.3', '1.6', '1020.2', '1023.7', '26.0', 'NNE', '0', NULL, 80, 'Bien ensoleille', 1, 1, '2001-01-31'),
(184, '13.0', '29.9', '21.6', '1009.7', '1014.2', '35.0', 'S /N', '3', NULL, 85, 'Soleil avec cirrus. Gros cumulus ensoiree. Orage vers 23h', 1, 1, '2000-07-01'),
(185, '16.0', '28.5', '22.3', '1007.6', '1013.9', '45.0', 'Var.', '5', NULL, 70, 'Nuages menacants avec gouttesen mi-journee puis retour du soleilavec cirrus. Orage vers minuit', 1, 1, '2000-07-02'),
(186, '18.0', '25.2', '21.9', '1008.2', '1013.5', '24.0', 'Var.', '0', NULL, 45, 'Matinee grise et humide. Belleseclaircies l''AM', 1, 1, '2000-07-03'),
(187, '16.0', '21.3', '19.1', '1005.0', '1011.1', '37.0', 'WSW', '10', NULL, 40, 'Belles eclaircies entrecoupeesde fortes averses', 1, 1, '2000-07-04'),
(188, '14.0', '23.3', '19.1', '1011.1', '1018.9', '35.0', 'SW', '1', NULL, 50, 'Soleil et cumulus.Petite averse en fin d''AM et nuit', 1, 1, '2000-07-05'),
(189, '13.0', '26.2', '20.1', '1014.6', '1020.6', '29.0', 'SW /NE', '1', NULL, 60, 'Soleil avec quelques cirrus le matin,Cumulus l''AM avec gouttes.Petit orage vers 5h (matin du 7/7)', 1, 1, '2000-07-06'),
(190, '15.0', '24.9', '20.2', '1008.4', '1014.8', '31.0', 'Var.', '12', NULL, 40, 'Averses orageuses et belleseclaircies', 1, 1, '2000-07-07'),
(191, '12.0', '19.0', '16.0', '1008.6', '1016.7', '32.0', 'NW', '2', NULL, 20, 'Gris et humide le matin, variable l''AMaverses en cours de nuit', 1, 1, '2000-07-08'),
(192, '12.0', '17.3', '15.0', '1000.2', '1016.5', '39.0', 'SSW', '28', NULL, 0, 'Couvert avec pluie continue l''AM et nuit', 1, 1, '2000-07-09'),
(193, '12.0', '19.2', '16.0', '995.7', '1000.2', '32.0', 'SW', '1', NULL, 15, 'Gris et humide le matin, eclairciesdans un ciel restant charge l''AM.Petites averses', 1, 1, '2000-07-10'),
(194, '12.0', '18.1', '15.3', '998.6', '1007.6', '32.0', 'WNW', '1', NULL, 25, 'Couvert avec bruine le matin,eclaircies l''AM avec gouttes', 1, 1, '2000-07-11'),
(195, '11.0', '18.6', '15.1', '1007.6', '1018.8', '32.0', 'WNW', '1', NULL, 40, 'Soleil et nuages,retour de la pluie en soiree', 1, 1, '2000-07-12'),
(196, '9.0', '17.0', '13.4', '1011.0', '1018.2', '26.0', 'SSW', '9', NULL, 0, 'Couvert avec pluie /bruine l''AMet nuit', 1, 1, '2000-07-13'),
(197, '11.0', '18.1', '14.7', '1006.0', '1011.1', '29.0', 'W', '11', NULL, 5, 'Couvert avec faibles pluies le matin,fortes averses l''AM avec quelqueseclaircies. Orage vers 16h15', 1, 1, '2000-07-14'),
(198, '11.0', '16.7', '14.0', '1008.7', '1011.4', '27.0', 'Var.', '9', NULL, 15, 'Humide et frais. Fortes aversesde pluie et de grele et tonnerre l''AM,entrecoupees d''eclaircies', 1, 1, '2000-07-15'),
(199, '11.0', '18.9', '15.1', '1011.4', '1017.2', '32.0', 'WNW', '0', NULL, 35, 'Nuageux avec belles eclaicies en mi-journee. Couvert en soiree avecgouttes', 1, 1, '2000-07-16'),
(200, '10.0', '20.1', '15.3', '1016.9', '1019.3', '21.0', 'NNW', '0', NULL, 30, 'Nuageux avec eclaircies', 3, 1, '2000-07-17'),
(201, '9.0', '22.7', '16.0', '1017.4', '1019.4', '21.0', 'NW', '0', NULL, 35, 'Ciel clair puis de plus nuageux encours de journee. Ciel a nouveaudegage en soiree', 3, 1, '2000-07-18'),
(202, '10.0', '20.7', '15.8', '1017.8', '1021.0', '23.0', 'NNW', '0', NULL, 35, 'Cumulus /bancs de stratus, plusnombreux l''AM', 3, 1, '2000-07-19'),
(203, '11.0', '23.2', '17.3', '1019.8', '1021.1', '15.0', 'Var.', '0', NULL, 35, 'Ciel voile le matin puis cumulus.Bancs de grisaille en soiree', 3, 1, '2000-07-20'),
(204, '12.0', '24.1', '18.2', '1019.9', '1021.8', '26.0', 'N', '0', NULL, 90, 'Ciel clair parseme depetits cumulus en mi-journee', 3, 1, '2000-07-21'),
(205, '11.0', '23.9', '17.5', '1015.4', '1020.4', '27.0', 'NNE', '0', NULL, 90, 'Ciel clair parseme depetits cumulus en mi-journee', 3, 1, '2000-07-22'),
(206, '15.0', '21.7', '18.4', '1009.7', '1015.8', '21.0', 'Var.', '1', NULL, 40, 'Ciel tres voile le matin, menacanten mi-journee avec gouttes. Retour du soleil l''AM. Faible pluie en', 3, 1, '2000-07-23'),
(207, '16.0', '25.9', '21.3', '1004.5', '1009.8', '31.0', 'Var.', '1', NULL, 25, 'Tres nuageux avec un peu de soleil etdes averses l''AM', 3, 1, '2000-07-24'),
(208, '16.0', '24.5', '20.3', '1005.7', '1008.9', '37.0', 'W', '8', NULL, 35, 'Tres nuageux avec ondees le matin,Larges eclaircies l''AM. Pluie en fin de nuit', 3, 1, '2000-07-25'),
(209, '16.0', '21.2', '18.9', '1006.8', '1015.4', '32.0', 'SSW', '12', NULL, 20, 'Temps humide le matin avec pluiesresiduelles, fortes aversesorageuses l''AM', 3, 1, '2000-07-26'),
(210, '12.0', '23.8', '18.2', '1014.5', '1016.7', '35.0', 'Var.', '13', NULL, 25, 'Brouillard a l''aube laissant place a un ciel de plus en plus nuageux.Orage avec fortes averses vers', 3, 1, '2000-07-27'),
(211, '14.0', '20.2', '17.5', '1013.9', '1017.3', '29.0', 'W /SW', '7', NULL, 20, 'Ciel charge le matin.Orage vers 14 hpuis belles periodes de soleil.Temp. mini vers 15h', 3, 1, '2000-07-28'),
(212, '14.0', '20.0', '17.1', '1016.7', '1020.2', '31.0', 'SW', '13', NULL, 15, 'Couvert et humide le matin,eclaircies l''AM avec fortes aversesorageuses vers 14h et 18h', 3, 1, '2000-07-29'),
(213, '14.0', '23.3', '19.0', '1020.1', '1024.3', '24.0', 'NW', '0', NULL, 60, 'Soleil et gros cumulus', 3, 1, '2000-07-30'),
(214, '12.0', '26.1', '19.2', '1022.5', '1024.6', '18.0', 'N', '0', NULL, 90, 'Soleil et quelques cumulus', 3, 1, '2000-07-31'),
(215, '8.0', '24.2', '16.4', '1021.9', '1024.8', '19.0', 'S', '0', NULL, 50, 'Soleil et cumulus, nombreux enmi-journee', 1, 1, '2000-07-31'),
(216, '11.0', '29.8', '20.6', '1019.6', '1022.6', '18.0', 'Var.', '0', NULL, 85, 'Soleil legerement voile.Arrivee de lourds nuages en soireeapportant trois gouttes vers 21h', 1, 1, '2000-06-01'),
(217, '16.0', '31.9', '24.0', '1016.2', '1020.3', '16.0', 'Var.', '0', NULL, 90, 'Chaud soleil avec cumulonimbus sur les reliefs. Eclairs et tonnerre en soiree et nuit avec quelques', 1, 1, '2000-06-02'),
(218, '19.0', '29.4', '24.2', '1016.4', '1019.2', '35.0', 'Var.', '9', NULL, 80, 'Soleil legerement voile le matin,cumulus l''AM. Orage vers 2h', 1, 1, '2000-06-03'),
(219, '16.0', '25.8', '21.0', '1012.8', '1020.1', '34.0', 'Var.', '2', NULL, 45, 'Belles periodes ensoleilleesentrecoupees d''averses orageuses', 1, 1, '2000-06-04'),
(220, '13.0', '18.8', '16.4', '1016.5', '1022.0', '27.0', 'NW /SW', '0', NULL, 15, 'Couvert en matinee puis eclairciesdans un ciel restant charge.Clair la nuit', 1, 1, '2000-06-05'),
(221, '11.0', '20.6', '16.2', '1021.3', '1024.0', '27.0', 'WNW', '0', NULL, 50, 'Soleil et passages nuageux, plus nombreux le matin', 1, 1, '2000-06-06'),
(222, '9.0', '24.7', '16.9', '1014.9', '1023.1', '29.0', 'NNE', '0', NULL, 100, 'Ciel clair.Vent de NNE limitant la hausse des temperatures', 1, 1, '2000-06-07'),
(223, '14.0', '31.1', '22.9', '1011.4', '1015.4', '27.0', 'NNE', '0', NULL, 90, 'Soleil avec quelques cirrocumulusle matin et cumulus se developpant l''AMsur les reliefs. Cirrus en s', 1, 1, '2000-06-08'),
(224, '19.0', '26.9', '23.0', '1011.9', '1016.0', '24.0', 'N', '0', NULL, 50, 'Ciel tres menacant avec gouttes le matin, soleil dans un ciel peu nuageuxl''AM. Orage vers 23h avec 3', 1, 1, '2000-06-09'),
(225, '17.0', '24.3', '20.9', '1011.9', '1021.9', '27.0', 'NW', '0', NULL, 5, 'Grisaille /stratus avec eclairciesen mi-journee. Un peu de bruine l''AM', 1, 1, '2000-06-10'),
(226, '13.0', '24.4', '19.2', '1021.8', '1027.4', '19.0', 'NW', '0', NULL, 90, 'Residus nuageux jusqu''en milieu dematinee puis ciel clair avec quelques cirrus', 1, 1, '2000-06-11'),
(227, '13.0', '29.2', '21.5', '1022.1', '1027.0', '24.0', 'NNW', '0', NULL, 95, 'Ciel clair avec petits cumulusen fin d''AM', 1, 1, '2000-06-12'),
(228, '17.0', '29.6', '23.5', '1021.8', '1024.5', '26.0', 'NW', '0', NULL, 95, 'Ciel clair avec quelques cumulus', 1, 1, '2000-06-13'),
(229, '17.0', '24.4', '21.1', '1023.2', '1025.5', '32.0', 'WNW', '0', NULL, 10, 'Tres nuageux avec eclaircies', 1, 1, '2000-06-14'),
(230, '14.0', '22.1', '18.4', '1025.3', '1027.8', '29.0', 'NNW /N', '0', NULL, 50, 'Soleil et cumulus', 1, 1, '2000-06-15'),
(231, '9.0', '22.9', '16.1', '1027.1', '1029.6', '27.0', 'NNE', '0', NULL, 100, 'Ciel clair.Vent de NNE limitant la hausse destemperatures', 3, 1, '2000-06-16'),
(232, '9.0', '29.1', '19.1', '1024.1', '1027.9', '21.0', 'NNE', '0', NULL, 100, 'Ciel clair', 3, 1, '2000-06-17'),
(233, '12.0', '33.1', '22.9', '1019.3', '1024.2', '16.0', 'NNE', '0', NULL, 100, 'Ciel clair', 3, 1, '2000-06-18'),
(234, '15.0', '34.5', '24.9', '1015.0', '1019.5', '16.0', 'Var.', '0', NULL, 100, 'Ciel clair avec deux ou trois petits cumulus', 3, 1, '2000-06-19'),
(235, '18.0', '33.0', '25.7', '1014.6', '1017.7', '32.0', 'SSW /W', '0', NULL, 95, 'Ciel clairQuelques nuages le matin et en soiree', 3, 1, '2000-06-20'),
(236, '18.0', '22.4', '20.6', '1016.6', '1019.9', '23.0', 'SSW', '2', NULL, 15, 'Averse vers 8h puis belles eclaircies.Nuageux et gouttesl''AM,retour du soleil en soiree', 3, 1, '2000-06-21'),
(237, '14.0', '21.9', '18.3', '1018.9', '1020.9', '34.0', 'W /SSW', '3', NULL, 30, 'Alternance de passages nuageux et debelles eclaircies le matin, trouees l''AM,pluie en cours de nuit', 3, 1, '2000-06-22'),
(238, '13.0', '17.2', '15.5', '1016.2', '1019.8', '26.0', 'W', '1', NULL, 15, 'Systeme d''averses  avec eclairciesle matin, ciel tres charge l''AM avecgouttes', 3, 1, '2000-06-23'),
(239, '10.0', '18.6', '14.8', '1017.4', '1020.9', '23.0', 'W', '0', NULL, 15, 'Tres nuageux avec trouees,eclaircies en soiree', 3, 1, '2000-06-24'),
(240, '10.0', '19.5', '15.1', '1020.6', '1023.9', '24.0', 'NNW', '0', NULL, 65, 'Soleil et cumulus, moins nombreux l''AM', 3, 1, '2000-06-25'),
(241, '6.0', '20.9', '13.8', '1018.2', '1023.9', '27.0', 'NNE', '0', NULL, 85, 'Ciel clair le matin, voile par desbancs de cirrus l''AM', 3, 1, '2000-06-26'),
(242, '11.0', '23.5', '17.4', '1015.9', '1018.9', '23.0', 'NNE', '0', NULL, 75, 'Ciel voile le matin, avec cumulus l''AM', 3, 1, '2000-06-27'),
(243, '11.0', '24.3', '17.9', '1017.5', '1019.5', '27.0', 'NW', '0', NULL, 85, 'Soleil avec quelques cirrus etpetits cumulus l''AM', 3, 1, '2000-06-28'),
(244, '13.0', '25.9', '19.6', '1013.2', '1018.9', '27.0', 'NW', '0', NULL, 80, 'Soleil et cumulus', 3, 1, '2000-06-29'),
(245, '13.0', '29.1', '21.3', '1017.6', '1023.0', '29.0', 'NNW', '0', NULL, 80, 'Voile le matin puis ciel clair l''AM Orage vers 7h30 le 2/8', 1, 1, '2000-08-01'),
(246, '17.0', '21.8', '19.6', '1014.4', '1020.8', '22.0', 'WNW', '17', NULL, 5, 'Orage le matin puis couvert retour d''eclaircies en soiree', 1, 1, '2000-08-02'),
(247, '15.0', '24.6', '19.9', '1017.2', '1020.9', '24.0', 'SSW', '4', NULL, 40, 'Soleil et nuages le matin,averse orageuse l''AM', 1, 1, '2000-08-03'),
(248, '12.0', '23.7', '18.0', '1019.1', '1021.4', '18.0', 'N', '0', NULL, 80, 'Soleil et cumulus', 1, 1, '2000-08-04'),
(249, '12.0', '22.4', '17.5', '1020.0', '1021.4', '24.0', 'N', '0', NULL, 20, 'Voile le matin, couvert l''AM avec faibles pluies', 1, 1, '2000-08-05'),
(250, '13.0', '24.3', '19.1', '1019.3', '1022.0', '24.0', 'NW', '0', NULL, 70, 'Soleil et nuages Pluie en debut de matinee du 7/8', 1, 1, '2000-08-06'),
(251, '15.0', '24.7', '20.3', '1021.0', '1022.4', '21.0', 'NW', '0', NULL, 40, 'Soleil et nuages, plus nombreux l''AM', 1, 1, '2000-08-07'),
(252, '16.0', '24.2', '20.4', '1019.8', '1022.3', '24.0', 'WNW', '0', NULL, 45, 'Voile le matin. Soleil et nuages l''AM,menacant en soiree', 1, 1, '2000-08-08'),
(253, '14.0', '27.0', '20.6', '1019.6', '1021.7', '25.0', 'W', '0', NULL, 75, 'Soleil et cumulus', 1, 1, '2000-08-09'),
(254, '14.0', '29.2', '22.0', '1015.8', '1020.2', '24.0', 'WNW', '0', NULL, 90, 'Soleil et cumulus', 1, 1, '2000-08-10'),
(255, '15.0', '28.3', '22.0', '1013.5', '1017.3', '15.0', 'NW', '0', NULL, 90, 'Soleil et cumulus', 1, 1, '2000-08-11'),
(256, '16.0', '30.3', '23.2', '1013.3', '1016.7', '21.0', 'NW', '0', NULL, 100, 'Plein soleil', 1, 1, '2000-08-12'),
(257, '15.0', '29.9', '22.6', '1016.5', '1019.1', '16.0', 'NW', '0', NULL, 100, 'Plein soleil', 1, 1, '2000-08-13'),
(258, '15.0', '31.7', '23.7', '1018.7', '1021.3', '34.0', 'NW', '0', NULL, 80, 'Soleil et cumulusTonnerre en soiree avec gouttes', 1, 1, '2000-08-14'),
(259, '19.0', '29.4', '24.5', '1019.3', '1022.1', '29.0', 'WNW', '0', NULL, 65, 'Soleil et nuages, gouttes vers 15h', 1, 1, '2000-08-15'),
(260, '16.0', '28.1', '22.2', '1014.9', '1021.1', '16.0', 'NW', '0', NULL, 90, 'Soleil et cumulus', 1, 1, '2000-08-16'),
(261, '15.0', '29.6', '22.7', '1013.2', '1016.2', '27.0', 'NNW', '0', NULL, 70, 'voile le matin puis cumulus', 1, 1, '2000-08-17'),
(262, '17.0', '25.6', '21.4', '1012.5', '1016.7', '13.0', 'ENE', '4', NULL, 50, 'Orage a 11h puis soleil et nuages.Averse vers 6h le 19/8', 1, 1, '2000-08-18'),
(263, '19.0', '28.3', '23.7', '1011.6', '1015.8', '21.0', 'N', '0', NULL, 70, 'Soleil et nuages', 1, 1, '2000-08-19'),
(264, '17.0', '31.4', '24.4', '1009.8', '1014.1', '27.0', 'NNE', '1', NULL, 80, 'Soleil et cumulus le matin,voile l''AM, tonnerre en soiree et pluieen fin de nuit', 1, 1, '2000-08-20'),
(265, '16.0', '19.7', '18.0', '1012.4', '1017.1', '21.0', 'NW', '22', NULL, 5, 'Couvert et humide avec troueesle matin. Pluie l''AM. Temp. mini a 20h', 1, 1, '2000-08-21'),
(266, '13.0', '23.9', '18.8', '1016.3', '1021.1', '22.0', 'NNE', '0', NULL, 75, 'Soleil et cumulus, voile en soiree', 1, 1, '2000-08-22'),
(267, '14.0', '25.4', '20.2', '1019.3', '1021.6', '34.0', 'NNE', '0', NULL, 95, 'Soleil et 2/3 petits cumulus', 1, 1, '2000-08-23'),
(268, '14.0', '27.3', '20.9', '1021.1', '1023.3', '17.0', 'NNE', '0', NULL, 100, 'Plein soleil', 1, 1, '2000-08-24'),
(269, '13.0', '27.1', '20.1', '1018.1', '1022.7', '29.0', 'NNE', '0', NULL, 95, 'Soleil avec quelques cirrus le matin', 1, 1, '2000-08-25'),
(270, '14.0', '28.8', '21.8', '1010.2', '1018.1', '35.0', 'NNE', '9', NULL, 85, 'soleil voile par des cirruss''epaississants en soiree.Orage a 3 h', 1, 1, '2000-08-26'),
(271, '16.0', '20.7', '18.7', '1011.3', '1020.0', '31.0', 'S', '19', NULL, 15, 'Gris et pluvieux le matin, averses l''AMavec tonnerre et eclaircies. Orage violentvers 21h. Brouillar', 1, 1, '2000-08-27'),
(272, '12.0', '22.0', '17.4', '1019.7', '1022.0', '15.0', 'Var.', '0', NULL, 20, 'menacant avec gouttes le matin,belles apparitions du soleil l''AM', 1, 1, '2000-08-28'),
(273, '12.0', '24.3', '18.3', '1019.2', '1021.6', '15.0', 'N', '0', NULL, 70, 'Soleil voile par des stratocumulus lematin, avec cumulus l''AM', 1, 1, '2000-08-29'),
(274, '12.0', '23.8', '18.0', '1013.2', '1019.3', '21.0', 'NNE', '0', NULL, 70, 'Ciel se voilant progressivement en cours de journee. Gouttes en soiree', 1, 1, '2000-08-30'),
(275, '15.0', '21.7', '18.5', '1009.2', '1013.4', '18.0', 'Var.', '0', NULL, 25, 'Couvert avec gouttes le matin.Eclaircies l''AM. Tonnerre vers 18h', 1, 1, '2000-08-31'),
(276, '0.0', '18.2', '9.5', '1019.3', '1026.1', '22.5', 'S', '5', NULL, 80, 'Beau temps clair au matin,de plus en plus voile l''AM,pluie en milieu de nuit', 1, 1, '1999-11-01'),
(277, '12.0', '14.8', '13.5', '1026.8', '1026.8', '20.9', 'S /NW', '11', NULL, 0, 'Couvert avec pluie toute la journee Temp. mini a 18h45', 1, 1, '1999-11-02'),
(278, '6.0', '13.3', '9.9', '1032.3', '1032.3', '30.6', 'NW /N', '0', NULL, 75, 'Ciel voile par des stratocumulus en debut de matinee,cumulus l''AM', 1, 1, '1999-11-03'),
(279, '3.0', '10.0', '6.9', '1029.4', '1029.4', '35.4', 'NNE', '0', NULL, 30, 'Bancs de stratus de plus en plus nombreux le matin,couvert l''AM', 1, 1, '1999-11-04'),
(280, '7.0', '14.2', '10.7', '1019.7', '1019.7', '41.8', 'SSW', '0', NULL, 40, 'Soleil le matin,couvert l''AM. Bourrasque pluie et Temp.maxi vers 1h', 1, 1, '1999-11-05'),
(281, '7.0', '10.9', '9.0', '1019.8', '1019.8', '25.7', 'SSW /', '0', NULL, 5, 'Couvert,averses l''AM avec courtes eclaicies,clair la nuit.Temp.mini a 18h15', 1, 1, '1999-11-06'),
(282, '0.0', '9.2', '4.7', '1029.7', '1029.7', '22.5', 'WSW', '0', NULL, 0, 'Couvert,trouees au coucher du soleil, rosee en fin de nuit', 1, 1, '1999-11-07'),
(283, '6.0', '11.2', '8.7', '1030.5', '1030.5', '17.7', 'W', '0', NULL, 5, 'Stratocumulus le matin,eclaircies et stratus l''AM,couvert et bruine le soir', 1, 1, '1999-11-08'),
(284, '5.0', '10.9', '7.9', '1030.3', '1030.3', '14.5', 'NW /N', '2', NULL, 0, 'Couvert,bruine l''AM et nuit', 1, 1, '1999-11-09'),
(285, '5.0', '7.7', '6.5', '1028.0', '1028.0', '29.0', 'N', '12', NULL, 0, 'Gris et bouche avec pluie toute la journee.Temp.mini a 18h45', 1, 1, '1999-11-10'),
(286, '3.0', '7.4', '5.6', '1028.3', '1028.3', '35.4', 'NNE', '0', NULL, 5, 'Couvert le matin,eclaicies l''AM', 1, 1, '1999-11-11'),
(287, '2.0', '8.4', '5.4', '1028.7', '1028.7', '27.4', 'NNE', '0', NULL, 75, 'Journee bien ensoleillee,quelques bancs de stratus l''AM', 1, 1, '1999-11-12'),
(288, '-2.0', '4.7', '1.2', '1024.7', '1024.7', '29.0', 'NNE', '0', NULL, 0, '1er Gel sous abris brouillard/nuages bas (Ciel clair au dessus de 900m )', 1, 1, '1999-11-13'),
(289, '0.0', '4.8', '2.8', '1017.3', '1017.3', '32.2', 'S /NN', '0', NULL, 0, 'Nuages bas,bruine en fin d''AM,vent de NE sensible en milieu de nuit', 1, 1, '1999-11-14'),
(290, '-1.0', '5.2', '2.0', '1021.5', '1021.5', '35.4', 'NNE', '0', NULL, 90, 'Journee bien ensoleillee cumulus l''AM, (-14C de Temp.mini au vent vers 9h)', 1, 1, '1999-11-15'),
(291, '-2.0', '2.0', '-0.3', '1019.4', '1019.4', '17.7', 'NNE /', '0', NULL, 0, 'Nuages bas toute la journee,chutes de neige dans la nuit (2cm a 6h UTC)', 1, 1, '1999-11-16'),
(292, '0.0', '3.4', '1.4', '1014.5', '1014.5', '22.5', 'SW', '0', NULL, 5, 'Flocons le matin,bruine et eclaicies l''AM', 1, 1, '1999-11-17'),
(293, '0.0', '3.1', '1.4', '1013.3', '1013.3', '25.7', 'WSW', '7', NULL, 0, 'Couvert.Neige tenant au sol vers 16h (3cm a 6hUTC) Temp. mini a 18h', 1, 1, '1999-11-18'),
(294, '0.0', '2.1', '0.9', '1012.7', '1012.7', '29.0', 'SW /N', '8', NULL, 5, 'Fortes chutes de neige le matin:8cm a 12h.Eclaircies et fonte partielle l''AM (5cm a 6hUTC)', 1, 1, '1999-11-19'),
(295, '-2.0', '3.3', '0.5', '1016.2', '1016.2', '19.3', 'NNE', '0', NULL, 30, 'Voile de stratocumulus le matin,belles eclaicies et stratus l''AM.Suite de la fonte(4cm a 6hUTC)', 1, 1, '1999-11-20'),
(296, '-3.0', '1.2', '-1.3', '1015.7', '1015.7', '38.6', 'NNE', '0', NULL, 90, 'Journee bien ensoleillee.Vent de NE sensible (-17C de Temp. mini au vent) Manteau neigeux:4cm a 6hUT', 1, 1, '1999-11-21'),
(297, '-2.0', '0.4', '-1.1', '1021.2', '1021.2', '22.5', 'SW', '4', NULL, 0, 'Flocons de neige en grain le matin, neige l''AM et fin de nuit (9cm a 6hUTC)', 1, 1, '1999-11-22'),
(298, '-1.0', '2.1', '0.4', '1027.4', '1027.4', '14.5', 'SSW', '2', NULL, 0, 'Chutes de neige continues le matin, rares l''AM,fonte partielle(7cm a 6hUTC) Temp.maxi en fin de nuit', 1, 1, '1999-11-23'),
(299, '0.0', '4.1', '2.2', '1032.2', '1032.2', '9.7', 'SW', '0', NULL, 0, 'Nuages bas. Suite de la fonte du manteau neigeux (4cm a 6hUTC)', 1, 1, '1999-11-24'),
(300, '0.0', '4.5', '2.7', '1034.5', '1034.5', '12.9', 'SSW', '0', NULL, 0, 'Nuages bas,brouillard en soiree.Fonte totale de la neige', 1, 1, '1999-11-25'),
(301, '0.0', '7.3', '3.2', '1034.2', '1034.2', '12.9', 'SSW /', '0', NULL, 95, 'Brume au petit matin puis ensoleille', 1, 1, '1999-11-26'),
(302, '-2.0', '7.9', '2.8', '1031.2', '1031.2', '29.0', 'S', '0', NULL, 20, 'Voile de stratocumulus le matin, couvert l''AM avec gouttes vers 14h30', 1, 1, '1999-11-27'),
(303, '3.0', '11.7', '7.4', '1031.0', '1031.0', '12.9', 'SE', '0', NULL, 80, 'Bien ensoleille avec voile de cirrus plus epais l''AM', 1, 1, '1999-11-28'),
(304, '-1.0', '11.7', '4.9', '1030.5', '1030.5', '17.7', 'Variab', '0', NULL, 90, 'Bien ensoleille avec quelques cirrus', 1, 1, '1999-11-29'),
(305, '-1.0', '8.6', '3.3', '1031.6', '1031.6', '24.1', 'SW', '0', NULL, 95, 'Bien ensoleille avec quelques cirrus, vent en fin de nuit', 1, 1, '1999-11-30'),
(306, '0.0', '5.9', '2.9', '995.0', '1000.0', '40.0', 'SSW', '2', NULL, 15, 'Fortes giboulees de neige, gresil et pluie', 1, 1, '2001-03-01');
INSERT INTO `releve` (`idReleve`, `Tmin`, `Tmax`, `Tmoy`, `Pmin`, `Pmax`, `VentMax`, `VentDir`, `PrecipJour`, `hygroMoy`, `Ensoleillement`, `Observations`, `idPersonne`, `idStation`, `dateRel`) VALUES
(307, '1.0', '8.3', '4.8', '989.5', '1002.3', '29.0', 'SSW/N', '3', NULL, 45, 'Belles periodes de soleil le matin. Ciel se couvrant en fin d''AM. Pluie et neige  melees en deuxiem', 1, 1, '2001-03-02'),
(308, '0.0', '3.8', '2.1', '986.9', '995.4', '29.0', 'NE', '15', NULL, 0, 'Neige le matin, couvert et humide l''AM, pluie forte en cours de nuit', 1, 1, '2001-03-03'),
(309, '1.0', '11.8', '6.9', '991.9', '1002.4', '39.0', 'SSW', '3', NULL, 25, 'Larges elaircies le matin, ciel menacant l''AM, faibles pluie en soiree et nuit', 1, 1, '2001-03-04'),
(310, '2.0', '9.8', '6.1', '1002.4', '1022.0', '27.0', 'NW /N', '0', NULL, 30, 'Soleil et nuages le matin suivi d''un ciel gris et bas l''AM', 1, 1, '2001-03-05'),
(311, '0.0', '11.0', '5.7', '1015.5', '1021.8', '23.0', 'NNE', '0', NULL, 90, 'Soleil legerement voile. Retour de la pluie en fin de nuit', 1, 1, '2001-03-06'),
(312, '1.0', '6.8', '4.4', '1010.7', '1015.5', '16.0', 'NE', '6', NULL, 0, 'Temps gris et humide avec faibles pluies et bruine', 1, 1, '2001-03-07'),
(313, '5.0', '11.6', '8.4', '1001.7', '1011.0', '23.0', 'NE /S', '0', NULL, 0, 'Temps gris et humide avec faibles pluies ou bruine par moment', 1, 1, '2001-03-08'),
(314, '7.0', '13.2', '10.4', '1004.8', '1008.8', '34.0', 'SSW', '1', NULL, 20, 'Eclaircies le matin, a nouveau gris et humide l''AM', 1, 1, '2001-03-09'),
(315, '8.0', '12.6', '10.4', '1006.6', '1009.5', '29.0', 'SSW', '12', NULL, 0, 'Couvert et pluvieux', 1, 1, '2001-03-10'),
(316, '9.0', '13.1', '11.4', '1008.8', '1011.8', '26.0', 'SSW', '14', NULL, 0, 'Couvert et pluvieux', 1, 1, '2001-03-11'),
(317, '9.0', '12.6', '11.3', '1004.8', '1008.9', '39.0', 'SSW', '15', NULL, 0, 'Couvert et pluvieux', 1, 1, '2001-03-12'),
(318, '6.0', '11.2', '8.7', '1002.5', '1007.7', '56.0', 'SSW', '1', NULL, 20, 'Ciel charge avec breves eclaircies, un peu de pluie en soiree. Vent fort', 1, 1, '2001-03-13'),
(319, '4.0', '8.2', '6.4', '1005.4', '1012.5', '37.0', 'WSW/S', '13', NULL, 10, 'Quelques courtes eclaircies dans un ciel charge avec averses. Pluie  continue la nuit', 1, 1, '2001-03-14'),
(320, '6.0', '12.6', '9.3', '1007.9', '1012.7', '37.0', 'SW', '0', NULL, 10, 'Ciel charge avec trouees et quelques averses', 1, 1, '2001-03-15'),
(321, '6.0', '18.6', '12.7', '1004.0', '1012.7', '24.0', 'SW /N', '3', NULL, 85, 'Soleil legerement voile. Retour de la pluie en cours de nuit', 1, 1, '2001-03-16'),
(322, '9.0', '12.3', '11.0', '999.5', '1004.0', '21.0', 'SSW', '4', NULL, 15, 'Gris et pluvieux le matin, eclaircies l''AM, averses en soiree et nuit', 1, 1, '2001-03-17'),
(323, '8.0', '14.5', '11.4', '998.7', '1004.6', '45.0', 'SSW', '2', NULL, 25, 'eclaircies le matin et debut d''AM puis retour de la pluie avec vent en cours de nuit', 1, 1, '2001-03-18'),
(324, '4.0', '10.3', '7.3', '999.6', '1017.7', '45.0', 'WNW', '0', NULL, 25, 'Belles eclaircies le matin, ciel charge l''AM', 1, 1, '2001-03-19'),
(325, '0.0', '4.6', '2.0', '1007.5', '1017.8', '31.0', 'NNE', '19', NULL, 5, 'Soleil voile a l''aube vite suivi d''un temps humide et frais. Quelques flocons meles a la pluie en m', 1, 1, '2001-03-20'),
(326, '1.0', '15.1', '8.3', '999.4', '1007.7', '31.0', 'NNE/S', '11', NULL, 15, 'Pluie le matin, ciel de traine avec gouttes l''AM, averses en cours de nuit', 1, 1, '2001-03-21'),
(327, '9.0', '13.7', '11.5', '995.4', '1010.8', '50.0', 'SW /W', '3', NULL, 10, 'Ciel charge avec timides percees du soleil, averses et vent fort', 1, 1, '2001-03-22'),
(328, '6.0', '16.9', '11.9', '1003.3', '1010.8', '35.0', 'Var.', '12', NULL, 25, 'Forte averses le matin et mi-journee puis ciel de traine l''AM', 1, 1, '2001-03-23'),
(329, '10.0', '15.9', '13.1', '995.6', '1006.3', '26.0', 'Var.', '4', NULL, 20, 'Nuages et eclaircies avec ondees. Forte averse en soiree', 1, 1, '2001-03-24'),
(330, '8.0', '15.2', '11.7', '994.2', '1001.5', '44.0', 'SSW/W', '2', NULL, 10, 'menacant avec gouttes le matin, couvert et pluvieux l''AM. Temp.mini a 20h', 1, 1, '2001-03-25'),
(331, '3.0', '7.8', '5.8', '1001.5', '1011.2', '29.0', 'NNW/N', '0', NULL, 15, 'Nuages bas laissant passer un peu le soleil l''AM. Ciel clair la nuit', 1, 1, '2001-03-26'),
(332, '0.0', '11.4', '5.9', '1010.7', '1012.7', '29.0', 'NE', '0', NULL, 35, 'Soleil et bancs de stratus plus nombreux le matin. Averse vers 3h', 1, 1, '2001-03-27'),
(333, '2.0', '15.2', '8.6', '1000.9', '1011.4', '40.0', 'Var.', '1', NULL, 30, 'Ciel menacant avec averses,  orageuses l''AM avec coups de vent', 1, 1, '2001-03-28'),
(334, '7.0', '11.1', '9.4', '997.4', '1004.9', '31.0', 'SSW', '7', NULL, 10, 'Ciel tres charge avec fortes averses en milieu de journee', 1, 1, '2001-03-29'),
(335, '4.0', '12.8', '8.9', '1004.9', '1021.5', '27.0', 'WNW', '1', NULL, 35, 'Alternance de passages nuageux avec averses et eclaircies', 1, 1, '2001-03-30'),
(336, '0.0', '16.1', '8.4', '1021.3', '1025.5', '18.0', 'Var.', '0', NULL, 80, 'Soleil, voile l''AM', 1, 1, '2001-03-31'),
(337, '2.0', '21.1', '11.8', '1021.0', '1025.5', '19.0', 'S /NN', '0', NULL, 95, 'Soleil et cirrus l''apres-midi', 1, 1, '2001-04-01'),
(338, '5.0', '23.5', '14.5', '1013.9', '1021.0', '19.0', 'Var.', '0', NULL, 90, 'Soleil et cirrus', 1, 1, '2001-04-02'),
(339, '10.0', '16.9', '13.6', '1014.0', '1020.3', '34.0', 'SW /S', '0', NULL, 25, 'Couvert avec faibles pluie le matin,  eclaircies l''AM', 1, 1, '2001-04-03'),
(340, '6.0', '16.9', '11.6', '1006.7', '1015.8', '47.0', 'SSW', '7', NULL, 20, 'Ciel se couvrant le matin, menacant l''AM, orage vers 19h30', 1, 1, '2001-04-04'),
(341, '3.0', '13.7', '8.6', '1013.0', '1020.1', '31.0', 'SW', '0', NULL, 40, 'Soleil et nuages, couvert en soiree, pluie en fin de nuit', 1, 1, '2001-04-05'),
(342, '7.0', '15.3', '11.2', '1004.6', '1013.3', '42.0', 'SSW', '6', NULL, 5, 'Pluvieux le matin, couvert l''AM, retour de la pluie en cours de nuit', 1, 1, '2001-04-06'),
(343, '9.0', '15.6', '12.3', '1003.0', '1006.6', '30.0', 'W /SE', '0', NULL, 60, 'Soleil et nuages', 1, 1, '2001-04-07'),
(344, '3.0', '15.7', '9.8', '1004.8', '1022.0', '23.0', 'Var.', '1', NULL, 40, 'Soleil et nuages avec averse orageuse vers 14h30', 1, 1, '2001-04-08'),
(345, '6.0', '9.9', '8.2', '1014.2', '1022.5', '34.0', 'S', '5', NULL, 0, 'Gris et humide toute la journee avec faible pluie', 1, 1, '2001-04-09'),
(346, '7.0', '13.8', '10.8', '1009.8', '1014.2', '31.0', 'WSW', '5', NULL, 10, 'Couvert le matin puis averses et  eclaircies l''AM', 1, 1, '2001-04-10'),
(347, '6.0', '13.7', '10.0', '1012.9', '1022.8', '24.0', 'Var.', '0', NULL, 30, 'menacant avec bruine le matin, averses et  eclaircies l''AM', 1, 1, '2001-04-11'),
(348, '5.0', '13.1', '9.5', '1022.8', '1025.6', '29.0', 'NNW', '0', NULL, 65, 'Soleil et nuages', 1, 1, '2001-04-12'),
(349, '0.0', '8.8', '4.8', '1024.4', '1026.6', '32.0', 'N', '0', NULL, 45, 'Soleil et nuages. Flocons vers 17h', 1, 1, '2001-04-13'),
(350, '-2.0', '8.0', '2.9', '1019.4', '1027.5', '26.0', 'N /WS', '7', NULL, 70, 'Ciel clair en debut de matinee puis passages nuageux. Voile en soiree. Chutes de neige en fin de nu', 1, 1, '2001-04-14'),
(351, '0.0', '8.1', '4.4', '1007.7', '1019.4', '31.0', 'SSW', '12', NULL, 10, '3 cm de neige au sol a 6h UTC. Neige vite suivie par de la pluie le matin, averses l''AM', 1, 1, '2001-04-15'),
(352, '3.0', '11.7', '7.6', '1009.2', '1016.8', '32.0', 'WNW/N', '1', NULL, 35, 'Averses et  eclaircies, grele l''AM', 1, 1, '2001-04-16'),
(353, '5.0', '11.4', '8.3', '1012.5', '1018.2', '24.0', 'WNW', '0', NULL, 15, 'Quelques  eclaircies dans un ciel tres charge avec averse en debut d''AM', 1, 1, '2001-04-17'),
(354, '3.0', '8.7', '6.3', '1004.7', '1012.5', '37.0', 'SW /W', '1', NULL, 40, 'menacant le matin, averses et  eclaircies l''AM', 1, 1, '2001-04-18'),
(355, '0.0', '10.7', '5.4', '1007.5', '1009.6', '31.0', 'WNW', '0', NULL, 40, 'Soleil et nuages, averses dans les environs', 1, 1, '2001-04-19'),
(356, '0.0', '10.7', '5.0', '1006.9', '1009.4', '26.0', 'Var.', '0', NULL, 45, 'Soleil et nuages, averses dans les environs', 1, 1, '2001-04-20'),
(357, '0.0', '7.5', '3.8', '1005.5', '1007.9', '40.0', 'N', '6', NULL, 15, 'Ciel se couvrant le matin. Temps pluvieux l''AM', 1, 1, '2001-04-21'),
(358, '3.0', '11.1', '7.2', '1003.9', '1008.0', '18.0', 'NW /S', '0', NULL, 15, 'Eclaircies le matin, couvert l''AM', 1, 1, '2001-04-22'),
(359, '0.0', '16.6', '8.4', '1000.3', '1009.2', '16.0', 'Var.', '0', NULL, 70, 'soleil et nuages, plus nombreux l''AM', 1, 1, '2001-04-23'),
(360, '4.0', '19.6', '11.9', '1008.4', '1011.6', '35.0', 'SSE', '0', NULL, 65, 'Soleil voile par des stratocumulus,  surtout le matin. menacant en  soiree avec faibles pluies', 1, 1, '2001-04-24'),
(361, '9.0', '12.1', '10.9', '1006.9', '1017.2', '47.0', 'SSW', '6', NULL, 10, 'Pluvieux le matin et debut d''AM. Eclaircies en soiree avec vent', 1, 1, '2001-04-25'),
(362, '7.0', '15.5', '11.5', '1016.7', '1020.4', '39.0', 'Var.', '1', NULL, 40, 'Averses et belles periodes ensoleillees', 1, 1, '2001-04-26'),
(363, '5.0', '18.7', '11.9', '1014.8', '1019.8', '21.0', 'Var.', '1', NULL, 15, 'Couvert le matin,  eclaircies en debut d''AM puis menacant avec faibles pluies', 1, 1, '2001-04-27'),
(364, '10.0', '14.4', '12.3', '1012.2', '1015.0', '32.0', 'SW', '9', NULL, 5, 'Couvert avec faibles pluie le matin, trouees l''AM, pluie en cours de nuit', 1, 1, '2001-04-28'),
(365, '10.0', '19.2', '14.6', '1008.1', '1012.4', '23.0', 'SSE /', '1', NULL, 25, 'Nuages et soleil le matin et debut d''AM, faibles pluies en soiree et nuit', 1, 1, '2001-04-29'),
(366, '11.0', '21.4', '16.2', '1007.0', '1009.9', '34.0', 'NNE', '0', NULL, 45, 'Soleil plus ou moins voile', 1, 1, '2001-04-30'),
(367, '10.0', '20.6', '15.6', '1006.7', '1018.4', '39.0', 'NE /N', '0', NULL, 60, 'Soleil voile. Vent sensible de NW  en mi-journee', 1, 1, '2001-05-01'),
(368, '10.0', '27.3', '19.0', '1006.4', '1018.2', '31.0', 'NNE', '0', NULL, 85, 'Soleil brumeux. Chaleur lourde l''AM, cumulonimbus sur les reliefs', 1, 1, '2001-05-02'),
(369, '13.0', '21.1', '17.4', '1004.2', '1007.3', '29.0', 'Var.', '0', NULL, 25, 'Couvert le matin,  eclaircies l''AM, ciel clair  en soiree', 1, 1, '2001-05-03'),
(370, '11.0', '20.7', '16.1', '1003.5', '1007.7', '23.0', 'N', '0', NULL, 20, 'Couvert le matin,  eclaircies l''AM,  a nouveau couvert en soiree', 1, 1, '2001-05-04'),
(371, '11.0', '14.2', '13.0', '1003.6', '1012.4', '44.0', 'NNE', '0', NULL, 0, 'Couvert et gris avec gouttes le matin, vent sensible', 1, 1, '2001-05-05'),
(372, '8.0', '10.3', '9.6', '1012.4', '1018.0', '34.0', 'NNE', '0', NULL, 0, 'Couvert et gris, vent sensible', 1, 1, '2001-05-06'),
(373, '8.0', '13.7', '11.3', '1017.3', '1022.3', '31.0', 'NNE', '0', NULL, 0, 'Couvert et gris, vent sensible', 1, 1, '2001-05-07'),
(374, '9.0', '17.3', '13.5', '1021.0', '1022.8', '32.0', 'NNE', '0', NULL, 10, 'Couvert le matin,  eclaircies l''AM', 1, 1, '2001-05-08'),
(375, '11.0', '24.4', '18.0', '1015.6', '1021.2', '31.0', 'NNE', '0', NULL, 85, 'Bien ensoleille avec cumulus l''AM', 1, 1, '2001-05-09'),
(376, '13.0', '25.5', '19.5', '1015.1', '1017.1', '40.0', 'NNE', '0', NULL, 95, 'Soleil, cumulonimbus visible au sud', 1, 1, '2001-05-10'),
(377, '13.0', '25.9', '19.5', '1016.8', '1018.6', '42.0', 'NNE', '0', NULL, 90, 'Soleil avec cirrus le matin, cumulkus l''AM plus nombreux en soiree', 1, 1, '2001-05-11'),
(378, '14.0', '25.0', '19.7', '1014.7', '1019.0', '45.0', 'NNE', '0', NULL, 100, 'Plein soleil', 1, 1, '2001-05-12'),
(379, '11.0', '28.0', '19.7', '1008.6', '1014.7', '21.0', 'NNE/S', '0', NULL, 90, 'Soleil et cirrus. Faible averse vers 2h', 1, 1, '2001-05-13'),
(380, '15.0', '25.8', '20.6', '1006.3', '1009.8', '44.0', 'SW', '5', NULL, 45, 'Encore quelques belles  eclaircies le matin et debut d''AM, petits orages vers 17h avec coup de vent', 1, 1, '2001-05-14'),
(381, '11.0', '18.2', '14.7', '1007.5', '1010.2', '26.0', 'SSW', '5', NULL, 10, 'Couvert le matin avec gouttes, averse l''AM puis retour d''eclaircies en soiree. Averses en cours de', 1, 1, '2001-05-15'),
(382, '11.0', '22.1', '16.9', '1007.3', '1011.0', '37.0', 'Var.', '22', NULL, 20, 'Soleil et nuages, menacant et lourd l''AM. Orage vers 19h. Pluie en cours de nuit', 1, 1, '2001-05-16'),
(383, '12.0', '20.1', '16.4', '1009.2', '1012.7', '35.0', 'SSW', '8', NULL, 35, 'Pluie en debut de matinee suivi d''un temps variable. Forte averse vers 20h', 1, 1, '2001-05-17'),
(384, '9.0', '15.6', '12.8', '1012.0', '1022.5', '32.0', 'W', '0', NULL, 30, 'Soleil et nuages menacant, gouttes par moments', 1, 1, '2001-05-18'),
(385, '7.0', '20.1', '13.9', '1022.3', '1024.3', '18.0', 'WNW NN', '0', NULL, 50, 'Soleil et nuages', 1, 1, '2001-05-19'),
(386, '8.0', '22.1', '15.5', '1020.0', '1023.1', '47.0', 'NNE', '0', NULL, 100, 'Soleil avec quelques rares cirrus. Vent de NNE sensible', 1, 1, '2001-05-20'),
(387, '11.0', '24.7', '18.3', '1015.3', '1021.2', '42.0', 'NNE', '0', NULL, 100, 'Soleil avec quelques rares cirrus. Vent de NNE sensible', 1, 1, '2001-05-21'),
(388, '11.0', '22.2', '16.7', '1016.1', '1018.5', '44.0', 'NNE', '0', NULL, 85, 'Soleil et cirrus, quelques cumulus l''AM. Vent de NNE sensible', 1, 1, '2001-05-22'),
(389, '12.0', '25.1', '18.7', '1017.7', '1020.3', '37.0', 'NNE', '0', NULL, 100, 'Plein soleil. Vent de NNE sensible', 1, 1, '2001-05-23'),
(390, '12.0', '27.5', '20.0', '1016.4', '1020.1', '16.0', 'NNE /', '0', NULL, 80, 'Soleil le matin, cumulonimbus se  developpant l''AM.', 1, 1, '2001-05-24'),
(391, '14.0', '26.5', '20.4', '1016.7', '1019.0', '24.0', 'NNE', '0', NULL, 85, 'Soleil dans un ciel legerement voile, cumulus l''AM', 1, 1, '2001-05-25'),
(392, '12.0', '28.6', '20.5', '1018.6', '1020.5', '27.0', 'Var.', '0', NULL, 80, 'Soleil dans un ciel legerement voile, cumulus l''AM', 1, 1, '2001-05-26'),
(393, '14.0', '27.7', '21.1', '1020.4', '1023.6', '31.0', 'WNW', '0', NULL, 75, 'Soleil et nuages, nombreux l''AM', 1, 1, '2001-05-27'),
(394, '15.0', '29.2', '22.4', '1022.2', '1024.5', '34.0', 'WNW', '0', NULL, 80, 'Soleil passagerement voile, cumulus l''AM', 1, 1, '2001-05-28'),
(395, '17.0', '29.1', '23.2', '1018.8', '1023.1', '31.0', 'WNW', '0', NULL, 80, 'Soleil passagerement voile, cumulus l''AM', 1, 1, '2001-05-29'),
(396, '15.0', '29.8', '22.8', '1013.8', '1020.0', '27.0', 'NNW', '0', NULL, 80, 'Soleil passagerement voile, cumulus et  altocumulus l''AM. menacant en fin de nuit', 1, 1, '2001-05-30'),
(397, '16.0', '24.7', '20.7', '1012.3', '1019.4', '39.0', 'WNW', '0', NULL, 65, 'Soleil et nuages', 1, 1, '2001-05-31'),
(398, '9.0', '20.8', '14.7', '1018.2', '1021.7', '24.0', 'WNW', '1', NULL, 50, 'Nuages et eclaircies. Couvert et pluvieux en cours de nuit', 1, 1, '2001-06-01'),
(399, '12.0', '16.1', '17.2', '1009.0', '1018.2', '34.0', 'WSW WN', '2', NULL, 5, 'Gris et humide le matin, averses l''AM, timides eclaircies en soiree''', 1, 1, '2001-06-02'),
(400, '8.0', '15.6', '18.0', '1011.7', '1022.4', '42.0', 'NW', '0', NULL, 40, 'Ciel de traine avec belles eclaircies et courtes averses surtout l''AM', 1, 1, '2001-06-03'),
(401, '6.0', '17.9', '18.9', '1022.3', '1026.7', '24.0', 'WNW', '0', NULL, 25, 'Nuageux avec eclaircies', 1, 1, '2001-06-04'),
(402, '6.0', '23.5', '18.5', '1014.5', '1024.8', '23.0', 'Var.', '0', NULL, 80, 'Ciel clair le matin, voile l''AM, gouttes vers 22h30 et averse  en fin de nuit', 1, 1, '2001-06-05'),
(403, '13.0', '21.2', '16.8', NULL, NULL, NULL, 'ND', '1', NULL, 35, 'Variable avec averses', 1, 1, '2001-06-06'),
(404, '13.0', '22.1', '15.4', NULL, NULL, NULL, 'ND', '0', NULL, 30, 'Couvert le matin, eclaircies l''AM', 1, 1, '2001-06-07'),
(405, '10.0', '15.2', '15.9', NULL, NULL, NULL, 'ND', '5', NULL, 0, 'Couvert et pluvieux', 1, 1, '2001-06-08'),
(406, '9.0', '14.9', '16.2', NULL, NULL, NULL, 'ND', '1', NULL, 0, 'Couvert et faiblement pluvieux', 1, 1, '2001-06-09'),
(407, '12.0', '15.8', '18.5', NULL, NULL, NULL, 'ND', '0', NULL, 10, 'Couvert avec faibles pluies l''AM, eclaircies en soiree', 1, 1, '2001-06-10'),
(408, '8.0', '16.1', '16.6', NULL, NULL, NULL, 'ND', '1', NULL, 25, 'Variable avec faibles pluies l''AM', 1, 1, '2001-06-11'),
(409, '7.0', '22.4', '16.5', NULL, NULL, NULL, 'ND', '0', NULL, 90, 'Soleil, cumulus l''AM', 1, 1, '2001-06-12'),
(410, '10.0', '24.4', '19.8', NULL, NULL, NULL, 'ND', '1', NULL, 80, 'Soleil voile le matin, cumulus l''AM. Petit orage vers 20h', 1, 1, '2001-06-13'),
(411, '11.0', '24.1', '22.5', NULL, NULL, NULL, 'ND', '0', NULL, 80, 'Soleil et cumulus', 1, 1, '2001-06-14'),
(412, '11.0', '26.6', '24.8', NULL, NULL, NULL, 'ND', '20', NULL, 65, 'Soleil voile le matin, menacant l''AM avec orage et forte precipitation vers 16h', 1, 1, '2001-06-15'),
(413, '14.0', '22.3', '23.7', '1008.9', '1012.4', '45.0', 'Var.', '30', NULL, 45, 'Soleil et nuages avec averse le matin. Orage avec trombes d''eau de 16h30 a 17h30 et vers 22h avec u', 1, 1, '2001-06-16'),
(414, '13.0', '20.3', '22.4', '1010.0', '1014.7', '37.0', 'SSW W', '1', NULL, 10, 'Couvert avec averses et trouees par moments. Tonnerre vers 19h', 1, 1, '2001-06-17'),
(415, '13.0', '17.4', '20.9', '1014.7', '1026.0', '29.0', 'WNW', '8', NULL, 10, 'Couvert le matin, averses l''AM, pluvieux en cours de nuit', 1, 1, '2001-06-18'),
(416, '11.0', '20.3', '22.4', '1024.5', '1026.7', '26.0', 'NNE', '0', NULL, 45, 'Soleil et nuages de moins en moins nombreux l''AM, clair en soiree', 1, 1, '2001-06-19'),
(417, '8.0', '24.0', '0.0', '1018.1', '1025.3', '21.0', 'N', '0', NULL, 90, 'Soleil et cirrus', 1, 1, '2001-06-20'),
(418, '11.0', '25.9', '0.0', '1012.0', '1018.1', '29.0', 'W', '0', NULL, 75, 'Soleil et passages nuageux en mi-journee', 1, 1, '2001-06-21'),
(419, '12.0', '21.2', '0.0', '1013.4', '1017.2', '29.0', 'WNW', '0', NULL, 85, 'Soleil et cumulus, vent frais', 1, 1, '2001-06-22'),
(420, '8.0', '24.8', '0.0', '1017.0', '1019.7', '19.0', 'N/NNE', '0', NULL, 95, 'Soleil et deux trois cumulus le matin', 1, 1, '2001-06-23'),
(421, '11.0', '28.6', '0.0', '1019.4', '1022.2', '19.0', 'N', '0', NULL, 100, 'Plein soleil', 1, 1, '2001-06-24'),
(422, '14.0', '30.8', '0.0', '1020.9', '1023.5', '23.0', 'NNE', '0', NULL, 100, 'Plein soleil', 1, 1, '2001-06-25'),
(423, '17.0', '32.5', '0.0', '1014.4', '1021.3', '26.0', 'NNE', '0', NULL, 100, 'Plein soleil', 1, 1, '2001-06-26'),
(424, '16.0', '30.6', '0.0', '1012.2', '1017.2', '34.0', 'W', '0', NULL, 60, 'Orageux et lourd toute la journee avec  belles periodes de soleil. Tonnerre et faible pluie en soir', 1, 1, '2001-06-27'),
(425, '18.0', '26.8', '0.0', '1016.5', '1022.5', '32.0', 'WNW', '0', NULL, 60, 'Couvert le matin, soleil et cumulus l''AM', 1, 1, '2001-06-28'),
(426, '13.0', '28.8', '0.0', '1021.3', '1024.1', '16.0', 'N', '0', NULL, 95, 'Soleil et quelques cumulus', 1, 1, '2001-06-29'),
(427, '15.0', '29.1', '0.0', '1019.1', '1022.9', '40.0', 'Var.', '0', NULL, 60, 'Soleil le matin, orageux et lourd l''AM. Bourrasque et brusque averse vers 19h', 1, 1, '2001-06-30'),
(428, '16.0', '26.4', '18.5', '1022.8', '1027.7', '19.0', 'NNW', '0', NULL, 60, ' Soleil et passages nuageux surtout l''AM', 1, 1, '2001-07-01'),
(429, '13.0', '27.6', '0.0', '1024.2', '1027.8', '26.0', 'NNE', '0', NULL, 80, ' Soleil et cumulus', 1, 1, '2001-07-02'),
(430, '15.0', '27.2', '18.6', '1014.5', '1024.2', '39.0', 'NNE', '0', NULL, 100, ' Plein soleil, vent de NNE sensible', 1, 1, '2001-07-03'),
(431, '14.0', '30.2', '0.0', '1009.8', '1014.5', '26.0', 'NNE', '0', NULL, 100, ' Soleil, quelques cirrus vers le Sud', 1, 1, '2001-07-04'),
(432, '18.0', '31.0', '0.0', '1010.3', '1012.8', '26.0', 'NNE', '0', NULL, 80, ' Soleil , voile en fin d''AM', 1, 1, '2001-07-05'),
(433, '19.0', '31.7', '0.0', '999.8', '1012.5', '63.0', 'NNE/', '9', NULL, 90, 'Bien ensoleille avec stratocumulus. Orage avec forte bourrasque vers 22h15', 1, 1, '2001-07-06'),
(434, '18.0', '23.0', '0.0', '1007.6', '1013.1', '37.0', 'SSW', '16', NULL, 35, 'Pluie en cours de matinee puis variable, Retour de la pluie la nuit', 1, 1, '2001-07-07'),
(435, '16.0', '22.8', '0.0', '1012.2', '1015.8', '32.0', 'WSW', '2', NULL, 15, ' Encore quelques pluies en matin ee puis temps restant couvert et menacant avec retour d''eclaircies', 1, 1, '2001-07-08'),
(436, '15.0', '26.3', '0.0', '1015.2', '1016.8', '27.0', 'WNW', '0', NULL, 60, ' Soleil et passages nuageux', 1, 1, '2001-07-09'),
(437, '13.0', '29.3', '0.0', '1010.6', '1016.2', '24.0', 'SW', '0', NULL, 70, ' Soleil et nuages, menacant en soiree avec gouttes. Pluie en debut de matinee du 11/7', 1, 1, '2001-07-10'),
(438, '16.0', '23.5', '0.0', '1011.8', '1018.0', '50.0', 'W', '0', NULL, 20, ' menacant avec gouttes le matin variable l''AM avec larges  eclaircies en soiree', 1, 1, '2001-07-11'),
(439, '13.0', '23.8', '0.0', '1011.8', '1017.9', '24.0', 'S/W', '4', NULL, 40, ' Belles periodes de soleil le matin, couvert l''AM, pluvieux en soiree', 1, 1, '2001-07-12'),
(440, '15.0', '22.3', '0.0', '1008.8', '1014.5', '26.0', 'W/S', '0', NULL, 10, ' Tres nuageux avec trou ees surtout l''AM. Petites averses en soiree et nuit', 1, 1, '2001-07-14'),
(441, '18.0', '30.0', '17.6', '1019.3', '1024.1', '21.0', 'NNE', '0', NULL, 100, 'Plein soleil', 1, 1, '2001-08-01'),
(442, '19.0', '33.4', '20.7', '1009.4', '1019.4', '19.0', 'Var.', '0', NULL, 70, 'Ciel se voilant de plus en plus', 1, 1, '2001-08-02'),
(443, '19.0', '24.8', '24.2', '1011.2', '1016.4', '34.0', 'SSW', '7', NULL, 30, 'Ciel tres menacant laissant ,que peu d''eclaircies. Orage en cours de nuit', 1, 1, '2001-08-03'),
(444, '17.0', '24.3', '25.8', '1015.8', '1020.3', '31.0', 'WNW', '1', NULL, 50, 'Encore quelques averses le matin, variable l''AM', 1, 1, '2001-08-04'),
(445, '13.0', '24.2', '24.4', '1019.3', '1021.1', '39.0', 'WSW', '0', NULL, 50, 'Eclaircies le matin, gouttes l''AM', 1, 1, '2001-08-05'),
(446, '14.0', '23.1', '22.8', '1014.6', '1021.0', '29.0', 'SSW', '6', NULL, 20, 'Courtes eclaircies le matin, menacant l''AM avec faibles pluies en soiree, plus marquees en cours de', 1, 1, '2001-08-06'),
(447, '16.0', '21.6', '24.9', '1009.7', '1015.2', '24.0', 'Var.', '9', NULL, 5, 'Gris et humide, courte eclaircie en soiree', 1, 1, '2001-08-07'),
(448, '16.0', '25.1', '22.8', '1007.2', '1013.7', '39.0', 'SSW/W', '6', NULL, 0, 'Non disponible', 1, 1, '2001-08-08'),
(449, '15.0', '23.2', '21.7', '1013.6', '1017.9', '31.0', 'WSW', '0', NULL, 0, 'Non disponible', 1, 1, '2001-08-09'),
(450, '13.0', '20.7', '22.9', '1017.7', '1026.2', '34.0', 'W', '1', NULL, 0, 'Non disponible', 1, 1, '2001-08-10'),
(451, '10.0', '23.2', '22.7', '1026.0', '1028.3', '23.0', 'N', '0', NULL, 0, 'Non disponible', 1, 1, '2001-08-11'),
(452, '8.0', '26.4', '23.9', '1018.8', '1026.6', '15.0', 'Var.', '0', NULL, 0, 'Non disponible', 1, 1, '2001-08-12'),
(453, '12.0', '29.5', '24.1', '1015.9', '1019.0', '26.0', 'Var.', '0', NULL, 95, 'Soleil, legerement voile le matin', 1, 1, '2001-08-13'),
(454, '15.0', '33.4', '24.7', '1015.0', '1017.1', '23.0', 'NNE', '0', NULL, 100, 'Soleil de plomb', 1, 1, '2001-08-14'),
(455, '16.0', '35.6', '25.2', '1014.8', '1017.8', '16.0', 'Var.', '0', NULL, 100, 'Soleil de plomb', 1, 1, '2001-08-15'),
(456, '19.0', '29.7', '24.8', '1015.0', '1020.7', '34.0', 'NW', '0', NULL, 50, 'Ciel se couvrant rapidement en mi-journee. Ciel menacant l''AM, faible pluie en soiree', 1, 1, '2001-08-16'),
(457, '18.0', '27.6', '20.0', '1015.0', '1020.4', '26.0', 'NNE', '0', NULL, 75, 'Soleil voile surtout l''AM', 1, 1, '2001-08-17'),
(458, '17.0', '32.8', '18.3', '1010.5', '1015.9', '35.0', 'Var.', '3', NULL, 85, 'Soleil et cumulus le matin, lourd l''AM, petit orage vers 3h', 1, 1, '2001-08-18'),
(459, '17.0', '28.0', '19.4', '1009.9', '1013.5', '32.0', 'Var.', '5', NULL, 65, 'Ciel legerement voile le matin, plus charge l''AM. Pluie en cours de soiree et nuit', 1, 1, '2001-08-19'),
(460, '17.0', '26.2', '15.8', '1012.0', '1018.6', '15.0', 'Var.', '0', NULL, 45, 'Grisaille se dechirant en fin de matine, belles eclaircies l''AM avec gouttes.', 1, 1, '2001-08-20'),
(461, '17.0', '28.7', '0.0', '1018.1', '1020.2', '24.0', 'NNE', '0', NULL, 90, 'Stratus le matin disparaissant rapidement au profit de quelques cumulus', 1, 1, '2001-08-21'),
(462, '16.0', '28.9', '0.0', '1019.9', '1022.0', '31.0', 'NNE', '0', NULL, 95, 'Soleil avec 2 /3 cumulus l''AM', 1, 1, '2001-08-22'),
(463, '17.0', '30.6', '0.0', '1018.5', '1021.5', '19.0', 'N', '0', NULL, 80, 'Soleil plus ou moins voile', 1, 1, '2001-08-23'),
(464, '16.0', '31.7', '0.0', '1017.3', '1019.1', '16.0', 'N', '0', NULL, 100, 'Soleil de plomb', 1, 1, '2001-08-24'),
(465, '16.0', '32.7', '0.0', '1017.2', '1019.2', '18.0', 'N', '0', NULL, 100, 'Soleil de plomb', 1, 1, '2001-08-25'),
(466, '16.0', '33.7', '0.0', '1015.7', '1018.7', '18.0', 'N', '0', NULL, 90, 'Soleil de plomb avec quelques cumulus l''AM. Cirrus en soiree', 1, 1, '2001-08-26'),
(467, '18.0', '30.7', '0.0', '1013.8', '1020.4', '24.0', 'Var.', '0', NULL, 85, 'Soleil avec cumulus l''AM,  nombreux en soiree', 1, 1, '2001-08-27'),
(468, '14.0', '25.9', '0.0', '1015.8', '1020.6', '31.0', 'NNE', '0', NULL, 95, 'Soleil voile par moments', 1, 1, '2001-08-28'),
(469, '12.0', '24.1', '0.0', '1010.0', '1016.4', '35.0', 'NNE', '0', NULL, 90, 'Soleil voile par moments. Ciel se couvrant rapidement en cours de nuit avec gouttes.', 1, 1, '2001-08-29'),
(470, '13.0', '25.1', '0.0', '1007.5', '1011.5', '29.0', 'E /SW', '28', NULL, 25, 'Couvert avec quelques gouttes le matin, eclaircies en debut d''AM puis orage avec forte averse (23mm', 1, 1, '2001-08-30'),
(471, '12.0', '19.6', '0.0', '1010.0', '1012.3', '23.0', 'S', '7', NULL, 5, 'Couvert avec gouttes le matin, quelques trouees l''AM dans un ciel d''averses', 1, 1, '2001-08-31'),
(472, '11.0', '19.8', '13.9', '1012.3', '1018.6', '26.0', 'NW', '0', NULL, 10, 'Couvert et humide le matin, trouees l''AM', 1, 1, '2001-09-01'),
(473, '11.0', '23.0', '14.7', '1016.5', '1019.2', '26.0', 'WNW', '0', NULL, 70, 'Soleil et nuages', 1, 1, '2001-09-02'),
(474, '9.0', '24.3', '14.2', '1011.9', '1017.3', '27.0', 'WSW', '8', NULL, 70, 'Soleil legerement voile le matin, nuages de plus en plus nombreux l''AM, pluie en soiree', 1, 1, '2001-09-03'),
(475, '13.0', '17.6', '13.8', '1009.9', '1014.0', '26.0', 'SW /N', '7', NULL, 0, 'Temps gris, pluvieux l''AM et en soiree', 1, 1, '2001-09-04'),
(476, '11.0', '16.2', '11.9', '1014.0', '1020.0', '29.0', 'WNW', '0', NULL, 5, 'menacant avec gouttes le matin, timides  eclaircies l''AM', 1, 1, '2001-09-05'),
(477, '7.0', '16.6', '12.7', '1014.8', '1020.1', '21.0', 'S /SW', '4', NULL, 25, 'Assez ensoleille le matin, retour d''un temps gris et maussade l''AM avec bruine', 1, 1, '2001-09-06'),
(478, '12.0', '16.1', '10.6', '1015.1', '1018.1', '27.0', 'WNW /', '0', NULL, 5, 'trouees le matin puis couvert avec faibles pluies en soiree', 1, 1, '2001-09-07'),
(479, '13.0', '16.1', '9.9', '1008.3', '1015.1', '40.0', 'SW /W', '8', NULL, 0, 'Frais venteux et couvert avec bruine, pluie l''AM. Temp. maxi le matin', 1, 1, '2001-09-08'),
(480, '7.0', '15.6', '12.6', '1010.1', '1013.7', '37.0', 'W', '0', NULL, 25, 'Soleil et nuages le matin, averses l''AM', 1, 1, '2001-09-09'),
(481, '9.0', '16.4', '14.8', '1012.8', '1017.2', '37.0', 'W', '0', NULL, 10, 'Couvert avec gouttes le matin, averses et courtes  eclaircies l''AM', 1, 1, '2001-09-10'),
(482, '9.0', '17.2', '11.7', '1016.3', '1017.9', '29.0', 'W', '0', NULL, 20, 'Tr es nuageux avec courtes  eclaircies, plus larges en fin d''AM', 1, 1, '2001-09-11'),
(483, '11.0', '16.6', '9.8', '1016.4', '1018.1', '31.0', 'W /SW', '0', NULL, 5, 'menacant avec gouttes', 1, 1, '2001-09-12'),
(484, '13.0', '16.3', '14.0', '1002.7', '1016.8', '39.0', 'SSW /', '5', NULL, 0, 'Couvert avec pluies faibles l''AM, averses en soiree', 1, 1, '2001-09-13'),
(485, '10.0', '17.7', '11.1', '1003.0', '1013.3', '29.0', 'Var.', '1', NULL, 45, 'Ciel gris bleu avec petites averses l''AM', 1, 1, '2001-09-14'),
(486, '9.0', '17.7', '12.8', '1012.8', '1015.2', '31.0', 'WSW', '8', NULL, 10, 'menacant avec courtes  eclaircies. Pluie en soiree et fin de nuit.', 1, 1, '2001-09-15'),
(487, '9.0', '14.1', '17.2', '1010.9', '1014.2', '26.0', 'WNW', '13', NULL, 15, 'Averses et  eclaircies. Orage vers 17h30', 1, 1, '2001-09-16'),
(488, '9.0', '16.3', '15.4', '1012.4', '1013.9', '24.0', 'WNW', '0', NULL, 20, 'Encore quelques gouttes le matin  puis variable', 1, 1, '2001-09-17'),
(489, '4.0', '16.9', '13.8', '1012.5', '1014.1', '19.0', 'Var.', '0', NULL, 35, 'Ciel restant menacant mais entrecoupe de belles  eclaircies surtout le matin', 1, 1, '2001-09-18'),
(490, '3.0', '15.9', '17.1', '1007.6', '1013.2', '42.0', 'S', '33', NULL, 30, 'Belles  eclaircies le matin remplacees par un temps couvert de plus en plus pluvieux', 1, 1, '2001-09-19'),
(491, '12.0', '13.2', '0.0', '1008.8', '1014.6', '29.0', 'SSW', '20', NULL, 0, 'Pluie !', 1, 1, '2001-09-20'),
(492, '10.0', '18.7', '0.0', '1014.4', '1016.2', '29.0', 'SW /N', '1', NULL, 45, 'Encore une averse en debut de matinee suivie par un temps variable', 1, 1, '2001-09-21'),
(493, '4.0', '18.6', '0.0', '1013.0', '1016.3', '23.0', 'NNE', '0', NULL, 75, 'Bien ensoleill e avec passages nuageux l''AM', 1, 1, '2001-09-22'),
(494, '3.0', '15.9', '0.0', '1005.1', '1013.2', '32.0', 'NNE', '0', NULL, 50, 'Ciel de plus en plus voile, couvert en soiree', 1, 1, '2001-09-23'),
(495, '9.0', '18.8', '0.0', '1005.2', '1015.0', '18.0', 'WNW', '0', NULL, 40, 'Stratus le matin, variable l''AM', 1, 1, '2001-09-24'),
(496, '7.0', '15.1', '0.0', '1014.7', '1019.9', '13.0', 'NW', '0', NULL, 5, 'Couvert (stratus) avec deux trois trouees', 1, 1, '2001-09-25'),
(497, '5.0', '19.8', '0.0', '1019.8', '1021.7', '16.0', 'SSW', '0', NULL, 70, 'Ciel clair le matin. Arrivee de nuages menacants l''AM. Pluie en fin de nuit', 1, 1, '2001-09-26'),
(498, '12.0', '21.9', '0.0', '1016.8', '1020.2', '16.0', 'S', '0', NULL, 45, 'Couvert le matin, soleil et nuages l''AM ceux-ci disparaissant en soiree', 1, 1, '2001-09-27'),
(499, '7.0', '23.2', '0.0', '1014.4', '1018.4', '16.0', 'Var.', '0', NULL, 90, 'Soleil un peu voile', 1, 1, '2001-09-28'),
(500, '9.0', '18.0', '0.0', '1013.1', '1014.8', '18.0', 'Var.', '8', NULL, 0, 'Couvert avec gouttes par moment. Pluie en cours de nuit', 1, 1, '2001-09-29'),
(501, '11.0', '22.5', '0.0', '1014.1', '1016.2', '21.0', 'SW', '0', NULL, 45, 'Ciel encore bien charge le matin, largement ensoleille avec gros cumulus l''AM. Retour de la pluie e', 1, 1, '2001-09-30'),
(502, '10.0', '20.0', '12.6', '1011.6', '1014.9', '32.0', 'SSW', '2', NULL, 0, 'Couvert et pluies par intermittence. Temp. maxi a 21h', 1, 1, '2001-10-01'),
(503, '16.0', '28.2', '14.7', '1010.6', '1014.9', '35.0', 'SSW', '0', NULL, 90, 'Soleil et chaleur exceptionnelle', 1, 1, '2001-10-02'),
(504, '16.0', '19.4', '16.1', '1011.4', '1015.4', '26.0', 'Var.', '18', NULL, 5, 'Courtes eclaircies matinales vite suivies d''un temps de plus en plus pluvieux', 1, 1, '2001-10-03'),
(505, '12.0', '19.9', '16.5', '1014.6', '1019.5', '21.0', 'Var.', '0', NULL, 50, 'Soleil et nuages', 1, 1, '2001-10-04'),
(506, '7.0', '20.5', '15.8', '1010.0', '1016.3', '11.0', 'ESE', '0', NULL, 80, 'Stratus /brouillard en debut de matinee puis beaucoup de soleil', 1, 1, '2001-10-05'),
(507, '11.0', '24.8', '16.0', '1008.9', '1013.3', '18.0', 'S', '19', NULL, 80, 'Soleil et cumulus. Fortes pluies en fin de nuit', 1, 1, '2001-10-06'),
(508, '14.0', '19.2', '13.0', '1008.1', '1011.4', '18.0', 'Var.', '3', NULL, 20, 'Pluvieux le matin, retour des eclaircies l''AM. Temp. mini a 20 h', 1, 1, '2001-10-07'),
(509, '11.0', '14.6', '14.4', '1007.7', '1014.3', '31.0', 'Var.', '5', NULL, 0, 'Couvert,  pluvieux l''AM.Temp. mini a 19h30', 1, 1, '2001-10-08'),
(510, '10.0', '17.8', '11.7', '1013.4', '1020.4', '23.0', 'SSW', '0', NULL, 60, 'Beaucoup de soleil le matin, assez nuageux l''AM avec eclaircies. Gouttes en soiree', 1, 1, '2001-10-09'),
(511, '9.0', '21.2', '14.2', '1020.3', '1030.3', '15.0', 'W', '0', NULL, 95, 'Soleil avec 2 ou 3 cumulus', 1, 1, '2001-10-10'),
(512, '6.0', '21.5', '14.4', '1029.6', '1032.8', '18.0', 'SW', '0', NULL, 80, 'Brumeux le matin puis soleil et cirrus', 1, 1, '2001-10-11'),
(513, '5.0', '19.9', '9.5', '1025.6', '1029.7', '8.0', 'Var.', '0', NULL, 50, 'Brouillard le matin, soleil l''AM', 1, 1, '2001-10-12'),
(514, '7.0', '21.8', '14.1', '1021.3', '1026.0', '11.0', 'Var.', '0', NULL, 60, 'Brouillard laissant apparaitre le  disque solaire le matin, soleil l''AM', 1, 1, '2001-10-13'),
(515, '9.0', '22.6', '13.5', '1018.7', '1021.4', '11.0', 'Var.', '0', NULL, 45, 'Brouillard le matin, soleil voile l''AM. Gouttes vers 17h', 1, 1, '2001-10-14'),
(516, '12.0', '20.5', '11.5', '1016.1', '1021.8', '8.0', 'Var.', '0', NULL, 45, 'Brouillard le matin, soleil voile l''AM', 1, 1, '2001-10-15'),
(517, '9.0', '21.8', '11.5', '1021.8', '1027.2', '21.0', 'NNE', '0', NULL, 95, 'Plein soleil', 1, 1, '2001-10-16'),
(518, '11.0', '20.8', '13.4', '1017.2', '1025.0', '16.0', 'NNE', '0', NULL, 45, 'Brouillard le matin, soleil et fins cirrus l''AM', 1, 1, '2001-10-17'),
(519, '9.0', '16.5', '13.9', '1014.0', '1017.4', '21.0', 'NNE', '0', NULL, 30, 'Brouillard jusque vers 14h puis ciel voile', 1, 1, '2001-10-18'),
(520, '10.0', '18.7', '14.6', '1012.1', '1015.8', '19.0', 'NNE', '0', NULL, 40, 'Brouillard jusque vers 13h puis soleil legerement voile par de fins cirrus', 1, 1, '2001-10-19'),
(521, '7.0', '16.0', '14.0', '1003.7', '1012.3', '21.0', 'NNE', '3', NULL, 35, 'Bancs de stratus jusque vers 10h30 puis soleil de plus en plus voile. Pluies restant faibles en cou', 1, 1, '2001-10-20'),
(522, '11.0', '17.2', '0.0', '1003.7', '1010.5', '19.0', 'SSW', '3', NULL, 20, 'Courtes apparitions du soleil dans un ciel restant menacant. Pluie en cours de nuit', 1, 1, '2001-10-21'),
(523, '12.0', '16.8', '0.0', '1010.5', '1017.7', '24.0', 'SSW', '0', NULL, 10, 'Couvert avec trouees', 1, 1, '2001-10-22'),
(524, '6.0', '12.4', '0.0', '1016.8', '1020.4', '16.0', 'Var.', '8', NULL, 5, 'Gris et humide le matin, couvert l''AM puis pluvieux en soiree et nuit', 1, 1, '2001-10-23'),
(525, '11.0', '17.1', '0.0', '1020.3', '1024.7', '24.0', 'SW', '3', NULL, 35, 'Eclaircies dans un ciel devenant menacant l''AM. Pluie en soiree et nuit', 1, 1, '2001-10-24'),
(526, '11.0', '15.9', '0.0', '1023.4', '1026.2', '16.0', 'SSW W', '6', NULL, 30, 'Ciel gris bleu avec averses en mi journee et soiree. Temp.mini a 20h', 1, 1, '2001-10-25'),
(527, '9.0', '13.4', '0.0', '1019.1', '1025.6', '11.0', 'Var.', '0', NULL, 15, 'Brouillards/stratus jusqu''en milieu d''AM puis soleil', 1, 1, '2001-10-26'),
(528, '6.0', '16.6', '0.0', '1019.2', '1023.0', '18.0', 'SSW', '0', NULL, 15, 'Ciel voile le matin, couvert avec trouees et gouttes l''AM', 1, 1, '2001-10-27'),
(529, '9.0', '16.9', '0.0', '1022.8', '1026.6', '15.0', 'Var.', '0', NULL, 25, 'Ciel voile le matin, tres nuageux  l''AM', 1, 1, '2001-10-28'),
(530, '10.0', '17.6', '0.0', '1024.7', '1026.8', '24.0', 'Var.', '0', NULL, 35, 'Ciel voile puis nombreux bancs de  stratus l''AM', 1, 1, '2001-10-29'),
(531, '10.0', '19.2', '0.0', '1021.0', '1027.0', '18.0', 'SW', '0', NULL, 95, 'Soleil, voile par de fins cirrus le matin  et quelques bancs de brume', 1, 1, '2001-10-30'),
(532, '9.0', '18.8', '0.0', '1018.9', '1030.5', '44.0', 'SW/W', '3', NULL, 35, 'De belles eclaircies dans un ciel devenant menacant le matin, couvert et pluie l''AM', 1, 1, '2001-10-31'),
(533, '4.0', '12.0', '1.8', '1030.6', '1039.0', '16.0', 'W', '0', NULL, 40, 'Soleil et nuages , nombreux l''AM', 1, 1, '2001-11-01'),
(534, '0.0', '12.5', '3.5', '1035.1', '1040.0', '24.0', 'NNE', '0', NULL, 95, 'Soleil et quelques cirrus', 1, 1, '2001-11-02'),
(535, '3.0', '12.8', '1.6', '1026.7', '1035.3', '26.0', 'NNE', '0', NULL, 95, 'Soleil et quelques cirrus', 1, 1, '2001-11-03'),
(536, '2.0', '11.6', '1.7', '1020.1', '1026.8', '11.0', 'SSW', '0', NULL, 55, 'Brouillard le matin jusqu''a11h, plein soleil l''AM', 1, 1, '2001-11-04'),
(537, '3.0', '11.1', '2.5', '1021.7', '1024.4', '10.0', 'Var.', '0', NULL, 15, 'Eclaircies le matin, couvert l''AM', 1, 1, '2001-11-05'),
(538, '0.0', '9.3', '3.4', '1015.2', '1021.8', '29.0', 'SSW', '14', NULL, 25, 'Un peu de soleil le matin dans un ciel devenant nuageux. Couvert et pluvieux l''AM et nuit', 1, 1, '2001-11-06'),
(539, '7.0', '11.9', '-0.4', '1006.1', '1015.4', '39.0', 'SSW', '10', NULL, 0, 'Couvert avec vent et faibles pluies. Temp. maxi en cours de nuit', 1, 1, '2001-11-07'),
(540, '5.0', '11.2', '1.8', '992.2', '1006.1', '51.0', 'SW NW', '13', NULL, 0, 'Temps tres agite avec pluie surtout en mi-journee. RafraChissement en soiree. Temp. maxi a 7h /Temp.', 1, 1, '2001-11-08'),
(541, '0.0', '6.4', '5.8', '1003.5', '1023.7', '29.0', 'NW N', '0', NULL, 35, 'Gris et humide le matin, ciel de traine avec averse de neige, pluie et gresil vers 12h et 17h. Temp.', 1, 1, '2001-11-09'),
(542, '-3.0', '4.7', '5.7', '1023.7', '1029.1', '35.0', 'NNE', '0', NULL, 95, 'Soleil. Deux ou trois petits cumulus l''AM Bise de NNE sensible', 1, 1, '2001-11-10'),
(543, '-2.0', '5.1', '2.4', '1018.6', '1027.8', '35.0', 'NNE', '0', NULL, 95, 'Soleil et cirrus', 1, 1, '2001-11-11'),
(544, '-1.0', '5.2', '2.8', '1013.6', '1018.6', '13.0', 'N /S', '4', NULL, 25, 'Soleil voile le matin, arrivee de la grisaille en mi-journee avec quelques trouees. Pluie /bruine', 1, 1, '2001-11-12'),
(545, '2.0', '4.2', '2.2', '1011.7', '1018.8', '32.0', 'SSW/N', '1', NULL, 0, 'Couvert avec faibles pluies /bruines. Flocons en fin de nuit', 1, 1, '2001-11-13'),
(546, '-1.0', '4.6', '4.7', '1018.8', '1032.2', '21.0', 'NNE', '0', NULL, 5, 'Legeres chutes de neige et pluie en  debut de matinee puis couvert avec  eclaircies de plus en plus', 1, 1, '2001-11-14'),
(547, '0.0', '4.3', '7.1', '1032.2', '1035.6', '40.0', 'NNE', '0', NULL, 100, 'Plein soleil avec bise de NNE', 1, 1, '2001-11-15'),
(548, '0.0', '5.7', '5.6', '1034.7', '1037.1', '29.0', 'NNE', '0', NULL, 80, 'Soleil conteste par des bancs de stratus  en milieu d''AM', 1, 1, '2001-11-16'),
(549, '0.0', '6.8', '4.7', '1027.2', '1036.5', '24.0', 'NNE', '0', NULL, 95, 'Soleil avec 2 /3 cumulus l''AM', 1, 1, '2001-11-17'),
(550, '-3.0', '2.6', '3.6', '1020.7', '1027.3', '23.0', 'NNE', '0', NULL, 0, 'Brouillard /sratus toute la journee', 1, 1, '2001-11-18'),
(551, '0.0', '3.4', '8.2', '1020.3', '1025.8', '27.0', 'NNE', '0', NULL, 10, 'Stratocumulus avec trouees par moment', 1, 1, '2001-11-19'),
(552, '2.0', '8.8', '0.0', '1025.7', '1032.1', '16.0', 'NNE', '0', NULL, 10, 'Stratocumulus avec trouees par moment', 1, 1, '2001-11-20'),
(553, '3.0', '7.7', '0.0', '1029.0', '1033.0', '23.0', 'S', '0', NULL, 20, 'Stratocumulus avec trouees par moment le matin. Ciel se degageant l''AM', 1, 1, '2001-11-21'),
(554, '0.0', '5.3', '0.0', '1013.9', '1028.9', '39.0', 'SSW /', '8', NULL, 10, 'Eclaircies le matin, couvert et pluvieux l''AM  et en soiree. Averse de gresil vers 22h', 1, 1, '2001-11-22'),
(555, '0.0', '5.2', '0.0', '1018.3', '1025.0', '26.0', 'NW /W', '0', NULL, 25, 'menacant avec eclaircies, plus larges l''AM. Bruine en fin de nuit', 1, 1, '2001-11-23'),
(556, '0.0', '3.6', '0.0', '1022.4', '1025.5', '19.0', 'SSW', '4', NULL, 0, 'Maussade avec pluie et bruine. Temp. mini a 19h le 22; Temp. maxi a 7h le 25', 1, 1, '2001-11-24'),
(557, '3.0', '6.4', '0.0', '1016.0', '1022.6', '18.0', 'SSW', '1', NULL, 0, 'Maussade avec pluie et bruine. Temp. mini a 21h le 24; Temp. maxi a 7h le 26', 1, 1, '2001-11-25'),
(558, '5.0', '8.6', '0.0', '1010.3', '1016.1', '13.0', 'SSW', '2', NULL, 0, 'Maussade avec bruine par moment. Temp. mini a 19h le 25', 1, 1, '2001-11-26'),
(559, '3.0', '7.7', '0.0', '1009.0', '1016.3', '26.0', 'W /S', '3', NULL, 5, 'Faiblement pluvieux le matin, petites eclaircies en fin d''AM. Temp.mini a 19h. Retour de la pluie en', 1, 1, '2001-11-27'),
(560, '2.0', '6.9', '0.0', '1014.1', '1023.8', '39.0', 'SSW', '6', NULL, 10, 'Pluvieux le matin, averses et  eclaircies l''AM. Temp.mini a 19h', 1, 1, '2001-11-28'),
(561, '0.0', '7.6', '0.0', '1015.2', '1025.0', '34.0', 'SSW', '14', NULL, 30, 'Belles periode de soleil le matin, couvert avec retour de la pluie vers 16h', 1, 1, '2001-11-29'),
(562, '6.0', '10.3', '0.0', '1013.6', '1017.3', '19.0', 'SSW', '14', NULL, 0, 'Couvert et pluvieux. Temp.mini a 19h le 29 ; Temp.maxi vers 3h le 1/12', 1, 1, '2001-11-30'),
(563, '9.0', '12.2', '3.3', '1017.0', '1022.8', '19.0', 'SSW', '2', NULL, 0, 'Gris et humide avec bruine et petites pluies. Temp. mini le 31/11 a 19h', 1, 1, '2001-12-01'),
(564, '9.0', '12.8', '0.1', '1022.6', '1024.3', '19.0', 'NNE', '0', NULL, 20, 'Nuages et eclaircies plus larges l''AM', 1, 1, '2001-12-02'),
(565, '7.0', '9.3', '-6.9', '1020.7', '1023.9', '19.0', 'NNE', '1', NULL, 0, 'Nuages bas. Pluie en cours de nuit. Temp. mini a 19h', 1, 1, '2001-12-03'),
(566, '6.0', '9.9', '-5.1', '1015.9', '1021.6', '34.0', 'SSW', '1', NULL, 5, 'Trouees le matin puis ciel couvert  avec pluie l''AM', 1, 1, '2001-12-04'),
(567, '6.0', '12.2', '-0.8', '1017.0', '1024.5', '34.0', 'WSW /', '3', NULL, 5, 'menacant le matin, pluvieux l''AM. Coup de vent en cours de nuit.  Temp. maxi vers 1h le 6/12', 1, 1, '2001-12-05'),
(568, '7.0', '9.2', '-3.4', '1017.1', '1033.8', '50.0', 'W /NW', '0', NULL, 5, 'Tres nuageux avec petites eclaircies et gouttes l''AM', 1, 1, '2001-12-06'),
(569, '0.0', '4.9', '-1.1', '1033.7', '1037.0', '32.0', 'NNE', '0', NULL, 90, 'Soleil avec quelques cumulus l''AM', 1, 1, '2001-12-07'),
(570, '0.0', '4.4', '-1.9', '1035.9', '1037.6', '35.0', 'NNE', '0', NULL, 100, 'Plein soleil  avec bise de NNE', 1, 1, '2001-12-08'),
(571, '-1.0', '2.5', '0.7', '1036.0', '1037.4', '39.0', 'NNE', '0', NULL, 100, 'Plein soleil  avec bise de NNE', 1, 1, '2001-12-09'),
(572, '-2.0', '2.3', '-3.8', '1036.5', '1038.5', '27.0', 'NNE', '0', NULL, 100, 'Plein soleil  avec bise de NNE', 1, 1, '2001-12-10'),
(573, '-2.0', '4.2', '0.5', '1030.3', '1036.9', '15.0', 'NNE', '0', NULL, 20, 'Bancs de strato-cumulus et de stratus entrecoupes de petites eclaircies', 1, 1, '2001-12-11'),
(574, '2.0', '4.3', '-3.6', '1026.1', '1030.4', '27.0', 'NNE', '0', NULL, 10, 'Grisaille /stratus avec trouees', 1, 1, '2001-12-12'),
(575, '-2.0', '2.6', '-6.1', '1026.0', '1033.6', '50.0', 'NNE', '0', NULL, 15, 'Stratus avec trouees le matin, averse de neige dans un ciel se degageant l''AM. Vent glacial se leva', 1, 1, '2001-12-13'),
(576, '-8.0', '-5.0', '0.1', '1033.1', '1035.0', '53.0', 'NNE', '0', NULL, 100, 'Plein soleil  avec forte bise de NNE. -30C de Temp. ressentie au vent  vers 7h!', 1, 1, '2001-12-14'),
(577, '-8.0', '-2.1', '0.7', '1029.8', '1033.2', '45.0', 'NNE', '0', NULL, 100, 'Plein soleil  avec forte bise de NNE.', 1, 1, '2001-12-15'),
(578, '-3.0', '1.7', '0.2', '1029.9', '1034.3', '42.0', 'NNE', '0', NULL, 80, 'Soleil avec passages de nuages bas en milieu d''AM. Bise de NE sensible', 1, 1, '2001-12-16'),
(579, '-6.0', '-0.4', '4.5', '1033.1', '1034.5', '16.0', 'Var.', '0', NULL, 35, 'Un peu de soleil le matin vite suivi par des bancs de grisaille, couvert l''AM', 1, 1, '2001-12-17'),
(580, '-3.0', '1.1', '3.2', '1032.3', '1034.6', '23.0', 'NNE', '0', NULL, 0, 'Nuages bas, ciel etoile en cours de nuit', 1, 1, '2001-12-18'),
(581, '-5.0', '1.1', '0.4', '1023.7', '1034.3', '21.0', 'SSW', '0', NULL, 0, 'Grisaille brumeuse avec rares flocons le matin. Chute de neige en fin de nuit', 1, 1, '2001-12-19'),
(582, '-1.0', '3.2', '-2.2', '1022.5', '1027.5', '16.0', 'Var.', '0', NULL, 65, '1cm de neige a 6h UTC. Encore quelques flocons en debut de matinee puis ciel clair. Retour des nuag', 1, 1, '2001-12-20'),
(583, '-8.0', '0.7', '0.0', '1008.2', '1026.0', '42.0', 'SSW', '4', NULL, 5, '1/2 cm de neige a 6h UTC Ciel se couvrant en cours de matinee. Flocons l''AM puis neige en soiree et', 1, 1, '2001-12-21'),
(584, '0.0', '2.0', '0.0', '1006.2', '1009.5', '35.0', 'WSW', '2', NULL, 10, '5cm de neige a 6hUTC (8cm a 9hUTC). Suite des chutes de neige le matin. Averses de neige et eclairc', 1, 1, '2001-12-22'),
(585, '-6.0', '-0.8', '0.0', '1009.5', '1021.0', '27.0', 'WSW/N', '0', NULL, 50, '8 cm de neige a 6h UTC. Faible chute de  neige le matin puis soleil de plus en plus present. Ciel c', 1, 1, '2001-12-23'),
(586, '-14.0', '2.7', '0.0', '1010.4', '1021.0', '37.0', 'SSW', '1', NULL, 45, 'Soleil froid le matin, ciel se couvrant l''AM avec faible neige melee avec de la pluie en fin de nui', 1, 1, '2001-12-24'),
(587, '-3.0', '3.4', '0.0', '999.4', '1010.4', '45.0', 'SSW', '7', NULL, 0, 'Pluie ou pluie et neige melees par moment. 7cm de neige a 6hUTC Temp. mini a 19h le 24/12', 1, 1, '2001-12-25'),
(588, '0.0', '1.9', '0.0', '999.1', '1012.3', '39.0', 'W', '0', NULL, 35, 'Plaques de neige a 6hUTC Couvert le matin, larges eclaircies avec flocons l''AM. Temp. mini a 18h', 1, 1, '2001-12-26'),
(589, '-3.0', '4.1', '0.0', '1008.4', '1017.2', '40.0', 'SW', '4', NULL, 40, 'Plaques de neige a 6hUTC Soleil de plus voile le matin, flocons l''AM puis forte averse neigeuse sui', 1, 1, '2001-12-27'),
(590, '0.0', '8.4', '0.0', '1005.1', '1008.5', '50.0', 'SW', '13', NULL, 0, 'Plaques de neige a 6hUTC Pluvieux toute la journee', 1, 1, '2001-12-28'),
(591, '1.0', '5.2', '0.0', '993.1', '1005.5', '26.0', 'NNE', '44', NULL, 0, 'Forte pluie puis neige en soiree. Temp.maxi a 7h, mini a 19h', 1, 1, '2001-12-29'),
(592, '-1.0', '1.9', '0.0', '999.2', '1015.0', '27.0', 'WSW', '0', NULL, 35, '2cm de neige a 6hUTC. Belles eclaircies le matin puis variable avec flocons. Averses de neige en so', 1, 1, '2001-12-30'),
(593, '-4.0', '-0.2', '0.0', '1015.0', '1035.6', '19.0', 'NW', '0', NULL, 85, '3 cm de neige a 6hUTC. Bien ensoleille le matin, quelques passages nuageux l''AM', 1, 1, '2001-12-31'),
(594, '11.0', '23.1', '17.5', '1016.6', '1020.0', '35.0', 'NNE', '0', NULL, 50, 'Bancs de stratus le matin, soleil et gros cumulus l''AM (Averses orageuses sur les Vosges)', 1, 1, '2000-05-01'),
(595, '13.0', '23.4', '18.4', '1015.8', '1018.2', '34.0', 'NNE/N', '1', NULL, 55, 'Bancs de stratus le matin, soleil et cumulus /cumulonimbus l''AM.  Petit orage vers 2h30', 1, 1, '2000-05-02'),
(596, '13.0', '22.4', '18.1', '1016.3', '1018.4', '31.0', 'Var.', '0', NULL, 45, 'Bancs de stratus le matin, temps lourd et orageux l''AM. Tonnerre en soiree. Brouillard en fin de nu', 1, 1, '2000-05-03'),
(597, '11.0', '24.0', '17.9', '1016.0', '1018.8', '22.0', 'Var.', '0', NULL, 70, 'Dissipation rapide des stratus puis soleil et cumulus.', 1, 1, '2000-05-04'),
(598, '13.0', '24.8', '18.9', '1012.8', '1016.7', '21.0', 'Var.', '6', NULL, 75, 'Plein soleil jusqu''au milieu d''AM, Orage avec forte averse vers 16h', 1, 1, '2000-05-05'),
(599, '11.0', '24.9', '18.3', '1012.3', '1014.4', '24.0', 'NNE/S', '0', NULL, 60, 'Soleil et cirrus le matin, lourd avec nuages menacants l''AM. Gouttes en soiree', 1, 1, '2000-05-06'),
(600, '12.0', '26.5', '19.7', '1013.6', '1016.3', '21.0', 'SW/N', '0', NULL, 90, 'Journee estivale avec de gros cumulus l''AM. Cumulonimbus sur les reliefs', 1, 1, '2000-05-07'),
(601, '12.0', '25.8', '19.4', '1015.9', '1018.9', '18.0', 'Var.', '0', NULL, 50, 'Ciel voile, laiteux l''AM Cumulonimbus observes', 1, 1, '2000-05-08'),
(602, '12.0', '28.1', '20.2', '1015.9', '1019.4', '18.0', 'Var.', '0', NULL, 90, 'Plein soleil jusqu''en fin d''AM puis voile de cirrus. Cumulonimbus sur les reliefs', 1, 1, '2000-05-09'),
(603, '15.0', '28.5', '22.1', '1013.9', '1017.6', '34.0', 'NNE', '0', NULL, 90, 'Journee estivale avec peu de nuages.  Cumulonimbus sur les reliefs', 1, 1, '2000-05-10'),
(604, '18.0', '28.8', '23.8', '1013.3', '1016.9', '26.0', 'Var.', '15', NULL, 80, 'Journee estivale avec cumulonimbus en fin d''AM. Tonnerre en soiree, orage en cours de nuit', 1, 1, '2000-05-11'),
(605, '14.0', '20.6', '17.8', '1016.6', '1021.5', '20.0', 'WNW', '0', NULL, 10, 'Couvert et humide le matin, eclaircies en fin d''AM', 1, 1, '2000-05-12'),
(606, '15.0', '23.2', '19.3', '1020.4', '1022.7', '26.0', 'NNE', '0', NULL, 70, 'Ciel assez charge jusqu''en fin de matinee. Cumulus l''AM, ciel clair en soiree', 1, 1, '2000-05-13'),
(607, '14.0', '25.7', '20.2', '1021.9', '1024.1', '35.0', 'NNE', '0', NULL, 95, 'Plein soleil avec deux-trois petits cumulus en mi-journee', 1, 1, '2000-05-14'),
(608, '11.0', '28.7', '20.0', '1019.2', '1022.6', '19.0', 'Var.', '0', NULL, 90, 'Plein soleil, cirrus en fin d''AM', 1, 1, '2000-05-15'),
(609, '13.0', '30.2', '21.8', '1014.6', '1019.5', '32.0', 'S', '0', NULL, 75, 'Soleil et quelques cumulus le matin. Lourd et orageux l''AM.  Clair avec cirrus en soiree et nuit', 1, 1, '2000-05-16'),
(610, '14.0', '23.1', '18.6', '1013.1', '1016.3', '31.0', 'W/SW', '3', NULL, 15, 'Pluies faibles le matin, eclaircies en mi-journee puis gris avec averses l''AM. Retour du soleil en', 1, 1, '2000-05-17'),
(611, '12.0', '17.8', '15.2', '1009.9', '1015.5', '37.0', 'W', '3', NULL, 20, 'Tres nuageux a couvert le matin, eclaircies plus larges l''AM, passage pluvieux en cours de nuit', 1, 1, '2000-05-18'),
(612, '9.0', '16.7', '13.2', '1010.7', '1013.5', '34.0', 'WSW', '1', NULL, 10, 'Couverture nuageuse importante avec gouttes par moment et courtes eclaircies. Pluie en milieu de nu', 1, 1, '2000-05-19'),
(613, '8.0', '16.3', '12.2', '1011.8', '1014.8', '24.0', 'WNW', '0', NULL, 30, 'Ciel menacant avec courtes eclaircies le matin, de plus en plus de soleil l''AM, ciel clair en soire', 1, 1, '2000-05-20'),
(614, '5.0', '17.3', '11.5', '1008.0', '1014.0', '27.0', 'Var.', '8', NULL, 20, 'Soleil jusqu''en milieu de matinee puis nombreux passages nuageux. Averses l''AM, orage a 22h', 1, 1, '2000-05-21'),
(615, '8.0', '14.1', '11.5', '1011.1', '1022.3', '34.0', 'W /SE', '0', NULL, 5, 'Nuages bas /grisaille avec  quelques trouees', 1, 1, '2000-05-22'),
(616, '7.0', '21.3', '14.4', '1019.1', '1023.0', '13.0', 'Var.', '0', NULL, 70, 'Soleil dans un ciel voile avec quelques cumulus l''AM', 1, 1, '2000-05-23'),
(617, '8.0', '25.0', '16.9', '1014.8', '1019.4', '21.0', 'SW/NW', '0', NULL, 70, 'Soleil et cumulus, plus nombreux l''AM. Averses a l''aube du 25', 1, 1, '2000-05-24'),
(618, '14.0', '20.2', '17.2', '1013.1', '1020.7', '37.0', 'SW/NW', '1', NULL, 5, 'Ciel chaotique avec averses le matin et gouttes l''AM.Trouees par moment. Effet de foehn', 1, 1, '2000-05-25'),
(619, '8.0', '23.6', '15.9', '1009.6', '1020.9', '29.0', 'Var.', '4', NULL, 80, 'Soleil et bancs de cirrus, cumulus l''AM. Orage en milieu de nuit', 1, 1, '2000-05-26'),
(620, '11.0', '18.0', '14.7', '1009.6', '1018.3', '39.0', 'SW', '2', NULL, 40, 'Couvert et pluvieux le matin, ciel de traine l''AM', 1, 1, '2000-05-27'),
(621, '8.0', '17.4', '12.7', '1008.3', '1014.7', '47.0', 'WSW', '7', NULL, 10, 'Couvert avec gouttes le matin, passage d''un grain vers 15h. Retour du soleil en fin d''AM. Forte bou', 1, 1, '2000-05-28');
INSERT INTO `releve` (`idReleve`, `Tmin`, `Tmax`, `Tmoy`, `Pmin`, `Pmax`, `VentMax`, `VentDir`, `PrecipJour`, `hygroMoy`, `Ensoleillement`, `Observations`, `idPersonne`, `idStation`, `dateRel`) VALUES
(622, '7.0', '17.9', '12.9', '1013.1', '1020.2', '34.0', 'W', '0', NULL, 40, 'Tres charge le matin laissant place a un ciel de traine avec gros cumulus.Gouttes par moment', 1, 1, '2000-05-29'),
(623, '6.0', '16.6', '11.6', '1010.8', '1020.2', '29.0', 'S /EN', '22', NULL, 0, 'Couvert avec pluies d''abord faibles  en debut d''AM, puis s''intensifiant en soiree et nuit', 1, 1, '2000-05-30'),
(624, '10.0', '17.8', '14.3', '1010.8', '1024.0', '15.0', 'N', '0', NULL, 20, 'Ciel bas et encore quelques gouttes le matin. Eclaircies en fin de matinee s''elargissant l''AM. Ciel', 1, 1, '2000-05-31'),
(625, '14.0', '23.5', '19.2', '1005.2', '1010.6', '34.0', 'SSW NW', '8', NULL, 70, 'Brumeux mais bien ensoleille le matin. Temps lourd avec nuages menacants l''AM. Averses en soiree', 1, 1, '2000-09-01'),
(626, '13.0', '17.0', '15.1', '1007.0', '1011.2', '45.0', 'SSW', '9', NULL, 5, 'Gris et humide.Quelques eclaircies en debut de matinee et soiree.  Averse et tonnerre vers 18h', 1, 1, '2000-09-02'),
(627, '10.0', '19.1', '15.0', '1010.6', '1016.7', '26.0', 'NW', '0', NULL, 25, 'Ciel tres charge avec bruine le matin, eclaircies de plus en plus belles l''AM', 1, 1, '2000-09-03'),
(628, '11.0', '18.6', '14.9', '1016.6', '1023.3', '31.0', 'NW', '0', NULL, 20, 'Couvert le matin, ciel gris bleu l''AM. Petite averse vers 16h, gouttes en soiree', 1, 1, '2000-09-04'),
(629, '11.0', '18.4', '14.7', '1022.2', '1024.6', '18.0', 'NW', '0', NULL, 10, 'Nombreux bancs de stratus laissant peu passer le soleil', 1, 1, '2000-09-05'),
(630, '9.0', '17.9', '13.6', '1010.8', '1022.3', '31.0', 'S', '13', NULL, 5, 'Gris et humide avec quelques trouees le matin. Pluies intermitentes l''AM. Fortes averses la nuit', 1, 1, '2000-09-06'),
(631, '12.0', '18.7', '15.5', '1010.5', '1021.1', '26.0', 'NW', '0', NULL, 50, 'Soleil et cumulus le matin, nombreux bancs de stratus l''AM', 1, 1, '2000-09-07'),
(632, '8.0', '23.2', '15.8', '1020.7', '1023.4', '16.0', 'Var.', '0', NULL, 95, 'Quelques nuages au matin puis plein soleil', 1, 1, '2000-09-08'),
(633, '10.0', '23.6', '16.9', '1022.9', '1024.7', '13.0', 'N', '0', NULL, 80, 'Soleil voile par des cirrus', 1, 1, '2000-09-09'),
(634, '12.0', '25.9', '19.0', '1019.6', '1024.2', '24.0', 'NNE', '0', NULL, 100, 'Plein soleil', 1, 1, '2000-09-10'),
(635, '15.0', '26.1', '20.8', '1014.9', '1019.7', '21.0', 'NNE', '0', NULL, 95, 'Plein soleil, quelques cirrus en soiree', 1, 1, '2000-09-11'),
(636, '13.0', '27.9', '20.6', '1011.5', '1015.5', '31.0', 'SE /S', '3', NULL, 60, 'Ciel se voilant de plus en plus au cours de la journee. Orage vers 3h', 1, 1, '2000-09-12'),
(637, '16.0', '22.5', '19.6', '1012.0', '1016.7', '26.0', 'W /NW', '0', NULL, 25, 'Couvert avec trouees en matinee. Soleil de plus en plus present l''AM.', 1, 1, '2000-09-13'),
(638, '12.0', '24.2', '18.1', '1015.5', '1017.1', '15.0', 'Var.', '0', NULL, 40, 'Beaucoup de nuages en matinee et soiree, bien ensoleille mais brumeux en mi-journee. Gouttes vers 23', 1, 1, '2000-09-14'),
(639, '13.0', '26.4', '20.1', '1008.3', '1016.4', '45.0', 'Var.', '1', NULL, 70, 'Bien ensoleille mais brumeux. Coup de vent en fin de nuit avec petite averse', 1, 1, '2000-09-15'),
(640, '13.0', '17.8', '15.5', '1008.1', '1012.5', '39.0', 'SW', '14', NULL, 10, 'Ciel chaotique avec petites eclaircies. Pluie continue en soiree et nuit', 1, 1, '2000-09-16'),
(641, '12.0', '14.9', '13.8', '1010.5', '1013.1', '23.0', 'WSW', '0', NULL, 0, 'Gris et bouche toute la journee. Bruine le matin', 1, 1, '2000-09-17'),
(642, '10.0', '21.9', '16.1', '1006.8', '1012.7', '15.0', 'Var.', '0', NULL, 70, 'Brouillard /nuages bas puis soleil', 1, 1, '2000-09-18'),
(643, '9.0', '23.7', '16.8', '1000.6', '1007.0', '35.0', 'NNE', '0', NULL, 90, 'Brumeux le matin, plein soleil l''AM gouttes en fin de nuit', 1, 1, '2000-09-19'),
(644, '13.0', '17.7', '15.5', '1002.7', '1009.6', '23.0', 'N', '7', NULL, 10, 'Encore quelques eclaircies le matin, puis couvert et petites pluies l''AM et nuit', 1, 1, '2000-09-20'),
(645, '12.0', '19.1', '15.9', '1008.8', '1021.1', '34.0', 'WNW', '0', NULL, 35, 'Couvert jusqu''en fin de matinee, puis soleil et nuages', 1, 1, '2000-09-21'),
(646, '8.0', '19.8', '14.1', '1020.9', '1024.3', '29.0', 'SE /N', '0', NULL, 15, 'Ciel tres charge toute la journee avec courtes eclaircies.', 1, 1, '2000-09-22'),
(647, '11.0', '17.5', '14.3', '1019.3', '1024.0', '35.0', 'NNE', '0', NULL, 75, 'Soleil, avec bancs de nuages bas jusqu''en debut d''AM', 1, 1, '2000-09-23'),
(648, '8.0', '21.3', '14.9', '1017.4', '1019.8', '19.0', 'NNE /', '0', NULL, 95, 'Plein soleil, quelques cirrus en soiree', 1, 1, '2000-09-24'),
(649, '12.0', '20.7', '16.4', '1019.7', '1022.8', '19.0', 'Var.', '0', NULL, 15, 'Couvert avec faible pluie le matin, retour des eclaircies l''AM', 1, 1, '2000-09-25'),
(650, '11.0', '21.8', '16.5', '1018.5', '1022.5', '19.0', 'NNE', '0', NULL, 55, 'Brouillard puis soleil dans un ciel restant brumeux. Pluie en fin de nuit', 1, 1, '2000-09-26'),
(651, '11.0', '23.3', '17.6', '1015.9', '1019.2', '18.0', 'Var.', '0', NULL, 20, 'Ciel charge avec averses et eclaircies', 1, 1, '2000-09-27'),
(652, '12.0', '25.3', '18.7', '1016.0', '1006.5', '27.0', 'S', '0', NULL, 75, 'Soleil bien present a peine voile par des cirrocumulus', 1, 1, '2000-09-28'),
(653, '15.0', '22.4', '18.8', '1000.2', '1007.0', '32.0', 'NNE', '0', NULL, 90, 'Plein soleil avec quelques fins nuages', 1, 1, '2000-09-29'),
(654, '13.0', '17.9', '15.8', '1002.9', '1006.5', '22.0', 'WNW', '15', NULL, 5, 'Ciel menacant des le matin avec encore quelques trouees,couvert et pluvieux l''AM et nuit', 1, 1, '2000-09-30'),
(655, '12.0', '17.4', '15.2', '1006.0', '1008.4', '19.0', 'WNW', '0', NULL, 10, 'Quelques eclaircies dans un ciel tres charge', 1, 1, '2000-10-01'),
(656, '10.0', '18.7', '14.6', '1005.4', '1017.7', '35.0', 'WSW', '0', NULL, 20, 'Ciel gris-bleu avec ondees l''AM', 1, 1, '2000-10-02'),
(657, '11.0', '16.8', '14.3', '1017.7', '1022.9', '15.0', 'N', '0', NULL, 0, 'Couverture nuageuse se morcellant qu''en soiree', 1, 1, '2000-10-03'),
(658, '9.0', '18.4', '14.2', '1019.6', '1021.9', '13.0', 'N', '0', NULL, 20, 'Beaucoup de nuages en debut et fin de journee. Belles eclaircies en mi-journee', 1, 1, '2000-10-04'),
(659, '12.0', '17.1', '15.0', '1016.5', '1019.7', '24.0', 'SSW', '3', NULL, 0, 'Couvert avec bruines l''AM  et pluie en soiree', 1, 1, '2000-10-05'),
(660, '9.0', '14.2', '11.8', '1018.0', '1025.0', '27.0', 'WNW', '1', NULL, 40, 'Soleil et beaucoup de nuages gouttes en soiree.Pluie en fin de nuit', 1, 1, '2000-10-06'),
(661, '7.0', '14.4', '10.8', '1022.7', '1024.7', '16.0', 'Var.', '3', NULL, 45, 'Averses en debut de matinee puis eclaircies', 1, 1, '2000-10-07'),
(662, '1.0', '14.0', '7.9', '1014.6', '1023.9', '23.0', 'Var.', '8', NULL, 40, 'Soleil et nuages le matin, couvert l''AM, pluie en soiree et nuit', 1, 1, '2000-10-08'),
(663, '9.0', '14.7', '11.9', '1002.5', '1014.6', '39.0', 'W /SW', '5', NULL, 30, 'Ciel charge avec eclaircies, plus larges en soiree. Pluie en cours de nuit', 1, 1, '2000-10-09'),
(664, '6.0', '14.6', '10.6', '993.3', '1002.5', '50.0', 'S', '5', NULL, 50, 'Ciel de traine avec vent fort, pluie en fin de nuit', 1, 1, '2000-10-10'),
(665, '8.0', '13.3', '10.7', '985.1', '994.0', '39.0', 'S', '0', NULL, 0, 'Couvert avec residus  pluvieux le matin', 1, 1, '2000-10-11'),
(666, '7.0', '15.9', '11.6', '993.8', '1004.0', '23.0', 'Var.', '1', NULL, 15, 'eclaircies le matin, couvert l''AM faibles pluies en cours de nuit', 1, 1, '2000-10-12'),
(667, '9.0', '12.9', '11.3', '1004.0', '1014.9', '11.0', 'Var.', '0', NULL, 0, 'Couvert et humide avec  faibles pluies', 1, 1, '2000-10-13'),
(668, '8.0', '12.9', '10.7', '1012.9', '1015.2', '24.0', 'NNE', '0', NULL, 10, 'Brumeux avec trouees le matin, nuages bas /stratus l''AM', 1, 1, '2000-10-14'),
(669, '11.0', '15.1', '13.5', '1003.6', '1013.4', '26.0', 'NNE/S', '0', NULL, 0, 'Nuages bas /stratus toute la journee, eclaircies nocturnes', 1, 1, '2000-10-15'),
(670, '12.0', '20.8', '16.5', '1005.2', '1017.5', '24.0', 'SSW', '0', NULL, 75, 'Journee bien ensoleillee et tres douce', 1, 1, '2000-10-16'),
(671, '10.0', '13.8', '12.2', '1017.5', '1026.9', '13.0', 'Var.', '1', NULL, 10, 'Ciel tres charge avec petites pluies', 1, 1, '2000-10-17'),
(672, '6.0', '12.8', '9.9', '1021.4', '1026.8', '10.0', 'Var.', '0', NULL, 10, 'Beaucoup de nuages bas, eclaircies l''AM', 1, 1, '2000-10-18'),
(673, '9.0', '12.9', '11.4', '1018.9', '1022.7', '19.0', 'Var.', '2', NULL, 0, 'Couvert et humide aves petites pluies', 1, 1, '2000-10-19'),
(674, '10.0', '16.9', '13.9', '1018.2', '1022.4', '18.0', 'Var.', '0', NULL, 40, 'Nuages bas le matin, puis soleil en cours d''AM', 1, 1, '2000-10-20'),
(675, '9.0', '15.7', '12.5', '1019.0', '1027.5', '13.0', 'NNE', '0', NULL, 45, 'Brouillard le matin suivi d''une AM avec soleil legerement voile', 1, 1, '2000-10-21'),
(676, '8.0', '10.9', '9.5', '1027.1', '1030.3', '10.0', 'NNE', '0', NULL, 0, 'Brouillard toute la journee', 1, 1, '2000-10-22'),
(677, '9.0', '17.5', '13.4', '1021.9', '1027.2', '17.0', 'Var.', '1', NULL, 45, 'Brouillard le matin, soleil l''AM pluie en cours de nuit', 1, 1, '2000-10-23'),
(678, '10.0', '16.9', '13.8', '1020.7', '1024.0', '31.0', 'W/NW', '0', NULL, 35, 'Soleil et nuages', 1, 1, '2000-10-24'),
(679, '10.0', '17.2', '13.8', '1012.8', '1021.3', '24.0', 'SW', '0', NULL, 15, 'Eclaircies le matin, grisaille avec  trouees l''AM. Pluie en fin de nuit', 1, 1, '2000-10-25'),
(680, '11.0', '13.6', '12.5', '1012.7', '1018.3', '29.0', 'SW', '0', NULL, 10, 'Couvert avec faible pluie le matin, trouees l''AM', 1, 1, '2000-10-26'),
(681, '9.0', '14.6', '12.1', '1018.2', '1021.4', '24.0', 'SW', '0', NULL, 10, 'Couvert avec trouees', 1, 1, '2000-10-27'),
(682, '7.0', '15.8', '11.7', '1012.3', '1021.4', '16.0', 'S', '0', NULL, 80, 'Soleil legerement voile par des cirrus. Faible pluie en cours de nuit', 1, 1, '2000-10-28'),
(683, '7.0', '15.8', '11.7', '1012.2', '1018.2', '35.0', 'SSW', '0', NULL, 20, 'Soleil et nuages', 1, 1, '2000-10-29'),
(684, '9.0', '19.1', '14.3', '996.2', '1014.4', '76.0', 'SW/W', '10', NULL, 15, 'Eclaircies en matinee, suivi d''un  temps couvert et venteux. Pluie la nuit', 1, 1, '2000-10-30'),
(685, '7.0', '11.4', '9.6', '998.9', '1006.3', '35.0', 'S', '0', NULL, 5, 'Couvert avec trouees', 1, 1, '2000-10-31'),
(686, '7.0', '13.7', '10.5', '1005.3', '1007.8', '39.0', 'SSW', '5', NULL, 15, 'Ciel charge avec eclaircies. Pluie en cours de nuit', 1, 1, '2000-11-01'),
(687, '8.0', '15.7', '12.2', '998.9', '1007.1', '40.0', 'SSW', '8', NULL, 25, 'Soleil et nuages le matin, couvert l''AM', 1, 1, '2000-11-02'),
(688, '8.0', '9.9', '9.2', '998.6', '1005.4', '15.0', 'Var.', '10', NULL, 0, 'Couvert avec pluie le matin', 1, 1, '2000-11-03'),
(689, '5.0', '11.4', '8.6', '1005.4', '1014.7', '24.0', 'SSW', '0', NULL, 30, 'Soleil et nuages le matin charge avec averses l''AM', 1, 1, '2000-11-04'),
(690, '4.0', '12.9', '8.9', '998.4', '1016.0', '19.0', 'Var.', '1', NULL, 70, 'Soleil et nuages. Ciel clair en soiree. Pluie en fin de nuit', 1, 1, '2000-11-05'),
(691, '3.0', '9.9', '6.8', '982.9', '998.4', '35.0', 'Var.', '3', NULL, 5, 'Couvert avec pluie le matin, eclaircies en fin d''AM', 1, 1, '2000-11-06'),
(692, '4.0', '11.7', '8.3', '982.8', '992.3', '42.0', 'SSW', '0', NULL, 25, 'Ciel menacant avec gouttes et eclaircies', 1, 1, '2000-11-07'),
(693, '8.0', '13.7', '11.0', '992.2', '1002.3', '39.0', 'SSW', '0', NULL, 20, 'Ciel menacant avec eclaircies. Petites averses de pluie en soiree et nuit', 1, 1, '2000-11-08'),
(694, '7.0', '11.6', '9.6', '1002.1', '1016.6', '34.0', 'SSW', '0', NULL, 35, 'Nuages et eclaircies. Faibles pluies l''AM. Temp. mini a 18h UTC', 1, 1, '2000-11-09'),
(695, '3.0', '10.7', '7.2', '1016.6', '1024.3', '31.0', 'SSW', '0', NULL, 10, 'Couvert avec trouees. Faibles averses l''AM et en cours de nuit', 1, 1, '2000-11-10'),
(696, '2.0', '12.3', '7.3', '1017.8', '1024.4', '24.0', 'S', '0', NULL, 85, 'Soleil voile par des cirrus', 1, 1, '2000-11-11'),
(697, '1.0', '11.2', '6.2', '1003.5', '1018.0', '22.0', 'Var.', '11', NULL, 5, 'Eclaircies en debut de matinee suivies d''un temps couvert devenant  pluvieux en milieu d''AM', 1, 1, '2000-11-12'),
(698, '7.0', '11.6', '9.7', '1000.9', '1004.2', '21.0', 'Var.', '29', NULL, 0, 'Couvert et pluvieux', 1, 1, '2000-11-13'),
(699, '7.0', '8.6', '8.3', '1003.8', '1013.5', '24.0', 'S', '1', NULL, 0, 'Couvert avec quelques pluies residuelles', 1, 1, '2000-11-14'),
(700, '5.0', '10.2', '7.9', '1013.4', '1016.4', '29.0', 'S', '0', NULL, 15, 'Petites eclaircies dans un ciel  tres nuageux. Gouttes par moment', 1, 1, '2000-11-15'),
(701, '1.0', '12.9', '7.4', '1011.1', '1016.4', '19.0', 'SSE', '0', NULL, 95, 'Plein soleil, quelques cumulus  sur les reliefs. Retour des nuages en fin de nuit avec gouttes', 1, 1, '2000-11-16'),
(702, '1.0', '7.7', '4.5', '1011.1', '1016.3', '18.0', 'SW', '0', NULL, 10, 'Faibles pluies le matin, eclaircies l''AM', 1, 1, '2000-11-17'),
(703, '1.0', '8.1', '4.9', '1012.8', '1017.1', '19.0', 'SSW', '0', NULL, 20, 'Nuages bas le matin, eclaircies l''AM', 1, 1, '2000-11-18'),
(704, '1.0', '9.1', '5.1', '1000.1', '1012.9', '37.0', 'SSW', '9', NULL, 15, 'Eclaicies le matin, pluvieux l''AM', 1, 1, '2000-11-19'),
(705, '4.0', '8.6', '6.5', '1001.5', '1006.0', '21.0', 'Var.', '0', NULL, 15, 'Couvert et menacant avec trouees', 1, 1, '2000-11-20'),
(706, '0.0', '10.1', '5.5', '1005.7', '1008.6', '24.0', 'NNE/S', '1', NULL, 60, 'Soleil et nuages. Pluie en cours de nuit', 1, 1, '2000-11-21'),
(707, '3.0', '10.2', '6.6', '1006.1', '1011.5', '24.0', 'Var.', '3', NULL, 10, 'Eclaircies du matin vite suivi par un temps couvert et pluvieux par moment', 1, 1, '2000-11-22'),
(708, '7.0', '10.0', '9.0', '998.9', '1011.0', '23.0', 'Var.', '6', NULL, 0, 'Couvert et pluvieux', 1, 1, '2000-11-23'),
(709, '4.0', '9.9', '7.4', '1003.8', '1012.3', '18.0', 'W', '0', NULL, 40, 'Soleil et nuages Temp. mini a 19h', 1, 1, '2000-11-24'),
(710, '-1.0', '3.7', '1.2', '1001.8', '1012.6', '37.0', 'NNE /', '0', NULL, 10, 'Soleil brumeux le matin, brouillard l''AM. Retour de la pluie et du vent  en cours de nuit.', 1, 1, '2000-11-25'),
(711, '0.0', '8.6', '4.1', '1000.7', '1013.0', '34.0', 'SSW', '0', NULL, 15, 'Pluvieux le matin, eclaircies l''AM. Temp. mini vers 0h', 1, 1, '2000-11-26'),
(712, '5.0', '9.8', '7.5', '1013.0', '1019.3', '19.0', 'SSW', '2', NULL, 20, 'Beaucoup de nuages et quelques eclaircies, surtout l''AM. Bruine en cours de nuit', 1, 1, '2000-11-27'),
(713, '6.0', '13.5', '9.8', '1015.7', '1018.4', '16.0', 'SSW /', '0', NULL, 10, 'Couvert, retour d''eclaircies en fin d''AM. Temp. mini le 27 au soir', 1, 1, '2000-11-28'),
(714, '3.0', '11.5', '7.4', '1012.5', '1015.7', '8.0', 'W', '0', NULL, 30, 'Brouillard le matin, soleil voile l''AM', 1, 1, '2000-11-29'),
(715, '5.0', '14.7', '10.2', '1015.0', '1018.4', '8.0', '0', '0', NULL, 70, 'Soleil voile par moments', 1, 1, '2000-11-30'),
(716, '-7.0', '-1.2', '1.4', '1035.6', '1039.7', '10.0', 'W', '0', NULL, 90, '2cm de neige au sol a 6hUTC Quelques nuages le matin puis plein soleil', 1, 1, '2002-01-01'),
(717, '-10.0', '-1.1', '-1.8', '1031.5', '1037.3', '31.0', 'W   NN', '0', NULL, 100, '2cm de neige au sol a 6hUTC Plein soleil', 1, 1, '2002-01-02'),
(718, '-5.0', '-3.0', '-2.2', '1030.0', '1031.7', '53.0', 'NNE', '0', NULL, 100, '2cm de neige au sol a 6hUTC Plein soleil. Bise de NE', 1, 1, '2002-01-03'),
(719, '-10.0', '-5.4', '-2.3', '1031.5', '1037.2', '24.0', 'NNE', '0', NULL, 100, '2cm de neige au sol a 6hUTC Plein soleil.', 1, 1, '2002-01-04'),
(720, '-12.0', '-4.7', '-3.4', '1036.9', '1039.5', '13.0', 'NNE', '0', NULL, 100, '2cm de neige au sol a 6hUTC Plein soleil.', 1, 1, '2002-01-05'),
(721, '-14.0', '-4.4', '0.2', '1033.8', '1038.5', '15.0', 'NNE', '0', NULL, 75, '2cm de neige a 6hUTC. Ciel se voilant de plus en plus au cours de  la journee. Brouillard et frimas', 1, 1, '2002-01-06'),
(722, '-7.0', '0.6', '0.7', '1028.4', '1034.2', '39.0', 'NNE', '0', NULL, 35, '2 cm de neige a 6hUTC Stratus avec trouees surtout l''AM', 1, 1, '2002-01-07'),
(723, '-3.0', '-1.3', '2.3', '1028.7', '1037.1', '13.0', 'Var.', '0', NULL, 0, '2cm de neige a 6hUTC Stratus /brouillard toute la journee', 1, 1, '2002-01-08'),
(724, '-4.0', '-2.9', '5.7', '1036.8', '1039.6', '10.0', 'Var.', '0', NULL, 0, '2cm de neige a 6hUTC Stratus /brouillard toute la journee', 1, 1, '2002-01-09'),
(725, '-4.0', '-3.6', '6.4', '1035.3', '1039.3', '8.0', 'Var.', '0', NULL, 0, '2cm de neige a 6hUTC Stratus /brouillard givrant toute la journee', 1, 1, '2002-01-10'),
(726, '-5.0', '0.7', '4.1', '1032.5', '1035.4', '10.0', 'Var.', '0', NULL, 15, '2cm de neige a 6hUTC.Stratus le matin, pale soleil l''AM puis ciel se couvrant. Gouttes verglas antes', 1, 1, '2002-01-11'),
(727, '-1.0', '4.1', '4.6', '1032.6', '1035.7', '10.0', 'NW', '0', NULL, 60, '2cm de neige a 6hUTC Journee assez bien ensoleillee apres les nuages bas matinaux. Temp. mini a 19h', 1, 1, '2002-01-12'),
(728, '-2.0', '-0.9', '8.9', '1028.8', '1032.6', '10.0', 'Var.', '0', NULL, 0, '1cm de neige a 6hUTC Stratus /brouillard givrant', 1, 1, '2002-01-13'),
(729, '-2.0', '-1.8', '7.3', '1027.7', '1029.6', '15.0', 'Var.', '0', NULL, 0, '1cm de neige a 6hUTC Stratus /brouillard givrant', 1, 1, '2002-01-14'),
(730, '-3.0', '-1.3', '9.4', '1017.8', '1027.8', '13.0', 'NE', '0', NULL, 0, '1cm de neige a 6hUTC Stratus /brouillard givrant.Ciel etoile la nuit', 1, 1, '2002-01-15'),
(731, '-6.0', '-0.7', '11.3', '1018.3', '1026.7', '16.0', 'NE', '0', NULL, 0, '1cm de neige a 6hUTC. Stratus /brouillard givrant. Temp.maxi a 7h le 17/01', 1, 1, '2002-01-16'),
(732, '-2.0', '2.5', '13.1', '1024.0', '1026.6', '8.0', 'NE', '0', NULL, 10, '1cm de neige a 6hUTC Stratus laissant passer un peu le soleil l''AM', 1, 1, '2002-01-17'),
(733, '0.0', '2.2', '7.9', '1021.8', '1024.4', '26.0', 'SSW', '0', NULL, 5, 'Plaques de neige a 6hUTC. Ciel brumeux le matin, couvert l''AM avec faibles chutes de neige', 1, 1, '2002-01-18'),
(734, '0.0', '5.4', '7.5', '1019.1', '1023.1', '24.0', 'SSW', '5', NULL, 0, 'Plaques de neige a 6hUTC Pluie et neige melees le matin, gris et humide l''AM. Pluie en cours de nui', 1, 1, '2002-01-19'),
(735, '3.0', '7.6', '7.9', '1019.4', '1024.8', '35.0', 'SSW', '1', NULL, 0, 'Gris et humide avec faibles bruines /pluies. Temp.maxi a 6h30 le 21/01', 1, 1, '2002-01-20'),
(736, '3.0', '9.0', '0.0', '1012.7', '1021.3', '26.0', 'SSW', '2', NULL, 0, 'Gris et humide avec faibles bruines /pluies le matin. Couvert l''AM avec trouees puis  larges eclai', 1, 1, '2002-01-21'),
(737, '-1.0', '9.6', '0.0', '1010.8', '1016.1', '34.0', 'SSW', '0', NULL, 15, 'Ciel legerement voile puis arrivee des  nuages par l''Ouest mais sans pluie, petites trouees', 1, 1, '2002-01-22'),
(738, '0.0', '8.7', '0.0', '1002.9', '1015.8', '27.0', 'S', '5', NULL, 10, 'Soleil et stratocumulus le matin, couvert avec faibles pluies en soiree /nuit', 1, 1, '2002-01-23'),
(739, '7.0', '10.9', '0.0', '1000.7', '1013.1', '39.0', 'SW', '1', NULL, 5, 'menacant avec gouttes et quelques trouees', 1, 1, '2002-01-24'),
(740, '5.0', '9.3', '0.0', '1013.1', '1023.4', '26.0', 'W SW', '2', NULL, 5, 'Ciel tres charge avec gouttes le matin, averses en cours de nuit', 1, 1, '2002-01-25'),
(741, '5.0', '13.1', '0.0', '1013.1', '1020.3', '45.0', 'SSW', '0', NULL, 15, 'Belles eclaircies le matin. Ciel se couvrant l''AM. Vent avec gouttes en cours de nuit', 1, 1, '2002-01-26'),
(742, '9.0', '13.4', '0.0', '1009.3', '1020.0', '71.0', 'SSW', '7', NULL, 0, 'Pluie restant faible et vent', 1, 1, '2002-01-27'),
(743, '10.0', '15.3', '0.0', '1019.9', '1029.4', '50.0', 'SSW', '0', NULL, 20, 'Eclaircies dans un ciel menacant', 1, 1, '2002-01-28'),
(744, '3.0', '12.4', '0.0', '1026.9', '1030.1', '23.0', 'SSW', '0', NULL, 45, 'Soleil plus ou moins voile', 1, 1, '2002-01-29'),
(745, '2.0', '12.3', '0.0', '1018.0', '1027.2', '13.0', 'S /W', '0', NULL, 70, 'Soleil voile par moment par des cirrus /altocumulus', 1, 1, '2002-01-30'),
(746, '4.0', '11.9', '0.0', '1017.7', '1022.4', '26.0', 'SSW', '0', NULL, 20, 'Ciel pratiquement couvert le matin, belles eclaircies l''AM', 1, 1, '2002-01-31'),
(747, '6.0', '11.9', '12.7', '1022.4', '1026.4', '35.0', 'SSW', '0', NULL, 5, 'Ciel tres menacant avec gouttes et quelques rares eclaircies', 3, 1, '2002-02-01'),
(748, '2.0', '15.8', '10.3', '1024.0', '1027.6', '15.0', 'S', '0', NULL, 95, 'Soleil et quelques cirrus', 3, 1, '2002-02-02'),
(749, '0.0', '13.1', '6.0', '1016.2', '1024.6', '45.0', 'S', '0', NULL, 95, 'Soleil et quelques cirrus. Vent fort en cours de nuit', 3, 1, '2002-02-03'),
(750, '4.0', '12.7', '3.1', '1018.0', '1026.0', '45.0', 'SSW', '0', NULL, 80, 'Bien ensoleille avec quelques nuages le matin, voile s''epaississant en soiree', 3, 1, '2002-02-04'),
(751, '8.0', '16.6', '3.8', '1005.6', '1018.4', '34.0', 'SSW', '1', NULL, 20, 'Petites eclaircies dans un ciel de plus en plus charge. Faible pluie en cours de nuit', 3, 1, '2002-02-05'),
(752, '6.0', '9.8', '3.4', '1003.5', '1012.6', '26.0', 'SW /N', '0', NULL, 5, 'Ciel tres charge avec courtes eclaircies.', 3, 1, '2002-02-06'),
(753, '1.0', '8.5', '2.9', '1012.6', '1024.8', '16.0', 'W /SW', '4', NULL, 25, 'Soleil et nuages, couvert en soiree. Pluie en cours de nuit de 3h a 6h30', 3, 1, '2002-02-07'),
(754, '7.0', '8.8', '4.2', '1021.0', '1025.7', '32.0', 'SSW', '1', NULL, 0, 'Couvert toute la journee avec pluie en cours de nuit. Temp.maxi le 9 a 7h', 3, 1, '2002-02-08'),
(755, '6.0', '12.8', '6.1', '1007.2', '1021.2', '56.0', 'SSW NW', '9', NULL, 25, 'Soleil et nuages, pluvieux en soiree. Coup de vent et forte pluie en cours de nuit', 3, 1, '2002-02-09'),
(756, '6.0', '9.9', '3.6', '1009.2', '1017.5', '39.0', 'w /SS', '3', NULL, 15, 'Averses et quelques eclaircies', 3, 1, '2002-02-10'),
(757, '6.0', '12.8', '2.8', '1014.4', '1017.4', '44.0', 'SW', '0', NULL, 10, 'Petites pluies puis eclaircies le matin. Couvert l''AM', 3, 1, '2002-02-11'),
(758, '11.0', '14.0', '6.1', '1014.9', '1018.4', '45.0', 'WSW', '0', NULL, 35, 'Nuages et soleil', 3, 1, '2002-02-12'),
(759, '6.0', '13.6', '3.3', '1014.3', '1017.8', '37.0', 'SW /N', '20', NULL, 10, 'menacant le matin, pluvieux l''AM et nuit avec chute des Temp. (mini a 19h)', 3, 1, '2002-02-13'),
(760, '5.0', '6.9', '6.6', '1013.2', '1021.0', '56.0', 'NNE', '2', NULL, 20, 'Pluvieux le matin, retour des eclaircies en cours d''AM. Vent fort', 3, 1, '2002-02-14'),
(761, '0.0', '6.7', '10.5', '1020.8', '1023.6', '48.0', 'NNE', '0', NULL, 90, 'Soleil et cirrus', 3, 1, '2002-02-15'),
(762, '0.0', '7.3', '8.6', '1022.6', '1024.2', '38.0', 'NNE', '0', NULL, 85, 'Soleil et cirrus, epais en fin d''AM', 3, 1, '2002-02-16'),
(763, '-2.0', '9.6', '7.1', '1020.0', '1023.7', '16.0', 'Var.', '0', NULL, 90, 'Soleil et cirrus', 3, 1, '2002-02-17'),
(764, '-1.0', '7.4', '0.0', '1019.4', '1024.4', '24.0', 'SW  W', '1', NULL, 20, 'Ciel devenant de plus en plus menacant en cours de journee. Pluie en soiree', 3, 1, '2002-02-18'),
(765, '1.0', '6.6', '0.0', '1018.0', '1025.0', '45.0', 'SSW', '7', NULL, 0, 'Ciel de plus en plus menacant le matin, pluvieux l''AM , en soiree et nuit avec vent fort. Temp. maxi', 3, 1, '2002-02-19'),
(766, '4.0', '7.7', '0.0', '994.2', '1018.0', '55.0', 'SSW  W', '10', NULL, 0, 'Maussade , pluvieux le matin et gouttes l''AM. Fortes averses en soiree.Vent fort', 3, 1, '2002-02-20'),
(767, '1.0', '5.6', '0.0', '996.5', '1021.7', '45.0', 'NNW', '0', NULL, 40, 'Ciel de traine avec flocons le matin, cumulus et soleil l''AM. Temp. mini a 19h', 3, 1, '2002-02-21'),
(768, '-3.0', '9.0', '0.0', '1006.1', '1021.1', '45.0', 'SSW', '8', NULL, 0, 'Ciel clair a l''aube vite remplace par un temps couvert avec flocons le matin puis pluie et neige me', 3, 1, '2002-02-22'),
(769, '3.0', '8.7', '0.0', '1000.1', '1007.6', '60.0', 'WSW WN', '9', NULL, 10, 'Tres perturbe avec fortes averses de pluie et neige melees. Fort grain en soiree avec tonnerre et t', 3, 1, '2002-02-23'),
(770, '0.0', '6.1', '0.0', '1006.0', '1015.5', '40.0', 'WNW SS', '6', NULL, 5, 'Grisaille avec trouees. Pluie et vent  en soiree et nuit', 3, 1, '2002-02-24'),
(771, '2.0', '10.3', '0.0', '1007.7', '1011.0', '37.0', 'SSW', '7', NULL, 0, 'Pluvieux le matin, couvert l''AM', 3, 1, '2002-02-25'),
(772, '8.0', '12.5', '0.0', '1003.0', '1007.9', '52.0', 'SW', '2', NULL, 5, 'Pluvieux le matin, trouees l''AM. Averses en soiree et nuit', 3, 1, '2002-02-26'),
(773, '6.0', '10.8', '0.0', '1001.7', '1007.1', '47.0', 'Var.', '7', NULL, 10, 'Fortes averses en debut de matinee et en soiree. menacant avec courtes eclaircies l''AM', 3, 1, '2002-02-27'),
(774, '3.0', '10.3', '0.0', '1003.6', '1009.0', '44.0', 'SW', '1', NULL, 25, 'Traine active avec fortes mais courtes averses l''AM. Belles periodes de soleil', 3, 1, '2002-02-28'),
(775, '0.0', '12.9', '-5.4', '999.8', '1014.0', '45.0', 'NNE S', '3', NULL, 30, 'Belles eclaircies en matinee, retour de la pluie et du vent l''AM', 3, 1, '2003-01-01'),
(776, '11.0', '14.0', '-4.8', '987.2', '1000.3', '87.0', 'SW', '8', NULL, 15, 'Pluvieux le matin, ciel de traine l''AM. Tempete en soiree', 3, 1, '2003-01-02'),
(777, '7.0', '13.7', '0.0', '997.0', '1002.7', '39.0', 'SW', '7', NULL, 15, 'Trouees le matin, retour de la pluie l''AM', 3, 1, '2003-01-03'),
(778, '0.0', '8.2', '2.4', '999.5', '1007.0', '45.0', 'WSW NN', '22', NULL, 0, 'Pluie le matin, neige l''AM et nuit', 3, 1, '2003-01-04'),
(779, '-3.0', '-0.2', '3.0', '1007.0', '1012.2', '27.0', 'NE', '0', NULL, 0, 'Couvert , flocons le matin', 3, 1, '2003-01-05'),
(780, '-8.0', '-1.3', '-1.1', '1009.4', '1014.2', '10.0', 'NE', '0', NULL, 65, 'Soleil le matin, retour de la grisaille l''AM avec flocons', 3, 1, '2003-01-06'),
(781, '-5.0', '-3.7', '0.5', '1014.0', '1016.5', '27.0', 'NNE', '0', NULL, 5, 'Nuages bas avec flocons surtout l''AM', 3, 1, '2003-01-07'),
(782, '-10.0', '-7.6', '1.8', '1010.8', '1014.2', '37.0', 'NNE', '0', NULL, 50, 'Soleil et nuages', 3, 1, '2003-01-08'),
(783, '-9.0', '-5.8', '6.8', '1010.5', '1016.7', '37.0', 'NNE', '0', NULL, 90, 'Soleil glacial', 3, 1, '2003-01-09'),
(784, '-9.0', '-6.1', '5.8', '1016.4', '1025.5', '34.0', 'NNE', '0', NULL, 80, 'Soleil et cumulus', 3, 1, '2003-01-10'),
(785, '-6.0', '-2.0', '4.5', '1025.2', '1031.8', '40.0', 'NNE', '0', NULL, 80, 'Soleil et cumulus', 3, 1, '2003-01-11'),
(786, '-7.0', '-2.9', '5.1', '1031.2', '1034.0', '32.0', 'NNE', '0', NULL, 100, 'Plein soleil', 3, 1, '2003-01-12'),
(787, '-10.0', '0.6', '1.7', '1029.9', '1033.7', '29.0', 'SSW', '6', NULL, 0, 'Neige en milieu de journee puis pluie verglacante', 3, 1, '2003-01-13'),
(788, '-2.0', '2.3', '-0.6', '1032.9', '1035.4', '11.0', 'SSW', '0', NULL, 5, 'Couvert avec trouees', 3, 1, '2003-01-14'),
(789, '1.0', '3.5', '2.2', '1026.0', '1034.0', '29.0', 'Var.', '2', NULL, 0, 'Nuages bas, pluie en cours de nuit', 3, 1, '2003-01-15'),
(790, '1.0', '4.5', '6.1', '1025.9', '1031.7', '23.0', 'SW', '0', NULL, 20, 'Nuages et eclaircies', 3, 1, '2003-01-16'),
(791, '-2.0', '0.7', '7.3', '1018.7', '1030.4', '11.0', 'Var.', '0', NULL, 10, 'Brouillard, trouees en cours d''AM', 3, 1, '2003-01-17'),
(792, '-2.0', '3.3', '2.5', '1017.1', '1020.7', '14.0', 'Var.', '0', NULL, 0, 'Nuages bas', 3, 1, '2003-01-18'),
(793, '-2.0', '5.6', '1.0', '1008.0', '1017.2', '23.0', 'Var.', '3', NULL, 0, 'Brumeux le matin, pluie l''AM et soiree', 3, 1, '2003-01-19'),
(794, '4.0', '9.2', '-3.4', '1001.2', '1011.7', '24.0', 'SSW', '4', NULL, 25, 'Soleil et nuages. Pluie la nuit', 3, 1, '2003-01-20'),
(795, '3.0', '8.0', '0.0', '992.8', '1001.2', '26.0', 'SSW', '4', NULL, 0, 'Gris et humide surtout le matin avec faibles pluies', 3, 1, '2003-01-21'),
(796, '1.0', '7.2', '0.0', '993.1', '1005.0', '29.0', 'SSW', '1', NULL, 15, 'menacant, averses l''AM', 3, 1, '2003-01-22'),
(797, '3.0', '7.0', '0.0', '1005.0', '1026.1', '22.0', 'SSW NN', '4', NULL, 25, 'Eclaircies le matin, faiblement pluvieux l''AM', 3, 1, '2003-01-23'),
(798, '0.0', '4.1', '0.0', '1026.0', '1037.5', '22.0', 'Var.', '0', NULL, 30, 'Soleil et nuages de moins en moins nombreux l''AM', 3, 1, '2003-01-24'),
(799, '-4.0', '3.4', '0.0', '1036.3', '1029.9', '15.0', 'SSW', '1', NULL, 95, 'Plein soleil, retour des nuages en soiree, pluie et neige melees en fin de nuit', 3, 1, '2003-01-25'),
(800, '0.0', '4.0', '0.0', '1029.5', '1031.9', '13.0', 'SSW', '1', NULL, 10, 'Averses de pluie et neige mellees le matin puis eclaircies', 3, 1, '2003-01-26'),
(801, '2.0', '9.4', '0.0', '1024.8', '1029.6', '23.0', 'SSW', '0', NULL, 0, 'Gris et humide', 3, 1, '2003-01-27'),
(802, '5.0', '9.4', '0.0', '1005.0', '1025.0', '48.0', 'NW', '2', NULL, 10, 'Forte averse le matin', 3, 1, '2003-01-28'),
(803, '0.0', '4.2', '0.0', '997.9', '1005.8', '32.0', 'WSW', '6', NULL, 10, 'Giboulees de neige fondues', 3, 1, '2003-01-29'),
(804, '0.0', '2.4', '0.0', '998.2', '1003.2', '26.0', 'WNW', '3', NULL, 15, 'Eclaircies le matin, chutes de neige l''AM', 3, 1, '2003-01-30'),
(805, '-4.0', '-2.1', '0.0', '1001.4', '1021.8', '29.0', 'NNW', '0', NULL, 40, 'Soleil et flocons', 3, 1, '2003-01-31'),
(806, '-2.7', '4.0', '0.7', NULL, NULL, NULL, NULL, '0', NULL, NULL, 'Leger mistral toute la journee. 3 cm de neige dure sur la planche a 6h et 18h.', 5, 14, '2003-02-01'),
(807, '-2.4', '10.6', '4.1', NULL, NULL, NULL, NULL, '0', NULL, NULL, '3 cm de neige dure a 6h. Mistral modere et net redoux en journee faisant fondre la quasi totalite de', 5, 14, '2003-02-02'),
(808, '1.8', '13.1', '7.5', NULL, NULL, NULL, NULL, '3', NULL, NULL, 'Quelques traces de neine sur les versants Nord des reliefs. Mistral moderee et temps couvert l''AM. T', 5, 14, '2003-02-03'),
(809, '4.9', '9.5', '7.2', NULL, NULL, NULL, NULL, '1', NULL, NULL, 'Fort mistral toute la journee. Instabilite avec giboulee neigeuse vers 13h30 laissant 0,5 mm mais ne', 5, 14, '2003-02-04'),
(810, '1.1', '7.0', '4.1', NULL, NULL, NULL, NULL, '0', NULL, NULL, 'Fort mistral toute la journee. Cumulus prenant de l''ampleur l''AM.', 5, 14, '2003-02-05'),
(811, '-0.3', '9.0', '4.4', NULL, NULL, NULL, NULL, '0', NULL, NULL, 'Journee tres ensoleillee, quelques nuages eleves inofensifs. Mistral modere mais cessant en debut de', 5, 14, '2003-02-06'),
(812, '-1.5', '10.9', '4.7', NULL, NULL, NULL, NULL, '0', NULL, NULL, 'Ciel bleu azur, quelques nuages eleves en soiree.', 5, 14, '2003-02-07'),
(813, '-1.4', '11.2', '4.9', NULL, NULL, NULL, NULL, '0', NULL, NULL, 'Ciel degage, quelques nuages d''altitude en soiree.', 5, 14, '2003-02-08'),
(814, '-1.5', '11.6', '5.1', NULL, NULL, NULL, NULL, '7', NULL, NULL, 'Givre le matin; Rosee: 0,1 mm. Soleil le matin. Temps couvert l''AM avec de petites bruines. Pluies p', 5, 14, '2003-02-09'),
(815, '4.7', '11.2', '8.0', NULL, NULL, NULL, NULL, '0', NULL, NULL, 'Petites pluies en debut de matinee. Eclaircies l''AM.', 5, 14, '2003-02-10'),
(816, '0.0', '10.8', '5.4', NULL, NULL, NULL, NULL, '0', NULL, NULL, 'Givre important le matin, forte humidite. Ciel se voilant au fil de la jounree. Rosee: 0,2 mm', 5, 14, '2003-02-11'),
(817, '1.5', '10.8', '6.2', NULL, NULL, NULL, NULL, '1', NULL, NULL, 'Temps nuageux a couvert toute la journee. Pluies faibles en soiree et la nuit suivante avec un leger', 5, 14, '2003-02-12'),
(818, '3.4', '7.4', '5.4', NULL, NULL, NULL, NULL, '0', NULL, NULL, 'Couvert toute la journee. Vent d''''ESE'' faible.', 5, 14, '2003-02-13'),
(819, '0.0', '7.9', '4.0', NULL, NULL, NULL, NULL, '2', NULL, NULL, 'Couvert. Petites pluies melees de neige l''apres-midi.Colline de la Gineste et Marseilleveyre enneige', 5, 14, '2003-02-14'),
(820, '-0.6', '10.0', '4.7', NULL, NULL, NULL, NULL, '0', NULL, NULL, 'Journee ensoleillee. Leger vent de NO.', 5, 14, '2003-02-15'),
(821, '-5.4', '6.1', '0.4', NULL, NULL, NULL, NULL, '0', NULL, NULL, 'Matinee entrecoupee d''eclaircies et de nuages denses. Averse de pluie et neige melee vers 16h30. For', 5, 14, '2003-02-16'),
(822, '0.6', '7.3', '4.0', NULL, NULL, NULL, NULL, '0', NULL, NULL, 'Alternance avec un ciel couvert et de belles eclaircies.', 5, 14, '2003-02-17'),
(823, '-0.3', '9.8', '4.8', NULL, NULL, NULL, NULL, '0', NULL, NULL, 'Ensoleille.', 5, 14, '2003-02-18'),
(824, '-2.4', '11.6', '4.6', NULL, NULL, NULL, NULL, '0', NULL, NULL, 'Voile le matin, se couvrant l''apres-midi.Vent de secteur Sud-Ouest modere en soiree.', 5, 14, '2003-02-19'),
(825, '6.5', '10.4', '8.5', NULL, NULL, NULL, NULL, '0', NULL, NULL, 'Couvert. Vent fort.', 5, 14, '2003-02-20'),
(826, '5.2', '14.5', '9.9', NULL, NULL, NULL, NULL, '0', NULL, NULL, 'Absent', 5, 14, '2003-02-21'),
(827, '2.2', '13.0', '7.6', NULL, NULL, NULL, NULL, '0', NULL, NULL, 'Absent', 5, 14, '2003-02-22'),
(828, '1.6', '11.2', '6.4', NULL, NULL, NULL, NULL, '0', NULL, NULL, 'Absent', 5, 14, '2003-02-23'),
(829, '5.3', '13.4', '9.4', NULL, NULL, NULL, NULL, '0', NULL, NULL, 'Tres nuageux. Vent d''Est faible.', 5, 14, '2003-02-24'),
(830, '4.3', '14.7', '9.5', NULL, NULL, NULL, NULL, '0', NULL, NULL, 'Tres nuageux. Vent de Sud-Est modere.', 5, 14, '2003-02-25'),
(831, '9.0', '13.5', '11.3', NULL, NULL, NULL, NULL, '13', NULL, NULL, 'Couvert. Vent de Sud-Est fort. Pluies moderees la nuit suivante.', 5, 14, '2003-02-26'),
(832, '6.6', '12.3', '9.5', NULL, NULL, NULL, NULL, '1', NULL, NULL, 'Petites pluies en debut de matinee. Timides eclaircies en journee avec un fort vent d''Est. Attenuati', 5, 14, '2003-02-27'),
(833, '7.4', '15.4', '11.4', NULL, NULL, NULL, NULL, '0', NULL, NULL, 'Temps generalement ensoleille. Quelques nuages instables sur le Garlaban et la Sainte Baume.', 5, 14, '2003-02-28'),
(834, '7.1', '13.4', '10.3', NULL, NULL, NULL, NULL, '0', NULL, NULL, 'Absent', 5, 14, '2003-01-01'),
(835, '6.6', '16.2', '11.4', NULL, NULL, NULL, NULL, '0', NULL, NULL, 'Rosee: 0,2 mm. Hausse des T en debut de soiree avec quelques gouttes.', 5, 14, '2003-01-02'),
(836, '7.5', '12.5', '1.0', NULL, NULL, NULL, NULL, '2', NULL, NULL, 'Petite pluie en milieu de matinee. Belles eclaircies l AM. Bref passage pluvieux entre 20h30 et 20h4', 5, 14, '2003-01-03'),
(837, '7.2', '12.4', '9.8', NULL, NULL, NULL, NULL, '0', NULL, NULL, 'Rosee: 0,1 mm. Mistral moderee en soiree', 5, 14, '2003-01-04'),
(838, '-0.7', '5.4', '2.4', NULL, NULL, NULL, NULL, '0', NULL, NULL, 'Chute vertigineuse du mercure dans la nuit. Mistral faible. Tn a 18h00 TU.', 5, 14, '2003-01-05'),
(839, '-4.0', '6.8', '1.4', NULL, NULL, NULL, NULL, '11', NULL, NULL, 'Chutes de neige importantes sur tout le Languedoc Roussillon, le Vaucluse et l''Ouest des Bouches du', 5, 14, '2003-01-06'),
(840, '-2.1', '2.5', '0.2', NULL, NULL, NULL, NULL, '0', NULL, NULL, 'Journee Glaciale. Mistral modere jusqu''a la mis journee. Verglas ompnipr''ESE''nt. Ciel se couvrant en', 5, 14, '2003-01-07'),
(841, '-1.6', '5.2', '1.8', NULL, NULL, NULL, NULL, '6', NULL, NULL, 'Journee faiblement pluvieuse. Pluie verglacantes dans le Pays Aixois et Salonnais. 2 cm dans l''Ouest', 5, 14, '2003-01-08'),
(842, '-0.7', '7.7', '3.5', NULL, NULL, NULL, NULL, '0', NULL, NULL, 'Journee tres ensoleille.Un peu de Verglas le Matin. Grace au soleil Tx en hausse contrairement a L''O', 5, 14, '2003-01-09'),
(843, '-3.1', '5.1', '1.0', NULL, NULL, NULL, NULL, '2', NULL, NULL, 'Encore une journee froide.Rosee: 0,1 mm. Mistral moderee tombant en soiree. Ciel couvert a 20h30 sou', 5, 14, '2003-01-10'),
(844, '-0.6', '5.0', '2.2', NULL, '0.0', NULL, '', '9', NULL, NULL, 'Pluies toute la matinee mais chutes de neige en fin de nuit et en matinee a l''Ouest du departement.', 5, 14, '2003-01-11'),
(845, '-3.8', '7.5', '1.9', NULL, NULL, NULL, NULL, '0', NULL, NULL, 'Journee tres ensoleilllee malgre quelques nuages eleves. Rosee:0,2 mm. Mistral faible. -6,6 a Marign', 5, 14, '2003-01-12'),
(846, '-2.7', '4.4', '0.9', NULL, NULL, NULL, NULL, '0', NULL, NULL, 'Givre important en matinee.Rosee: 0,1 mm. Faible mistral. -5,4 a Marignane.', 5, 14, '2003-01-13'),
(847, '-3.1', '11.4', '4.2', NULL, NULL, NULL, NULL, '0', NULL, NULL, 'Givre important le matin.Rosee: 0,1 mm. Redoux l''AM. Tn: -4,7 a Marignane', 5, 14, '2003-01-14'),
(848, '0.5', '10.8', '5.7', NULL, NULL, NULL, NULL, '0', NULL, NULL, 'Givre le matin meme sur les chaussees malgre une T legerement positive. Rosee: 0,1 mm. Vent faible d', 5, 14, '2003-01-15'),
(849, '1.2', '10.2', '5.7', NULL, NULL, NULL, NULL, '0', NULL, NULL, 'Journee tres ensoleillee. Quelques nuages eleves en journee. Vent faible. Tn: 1', 5, 14, '2003-01-16'),
(850, '2.7', '12.9', '7.8', NULL, NULL, NULL, NULL, '1', NULL, NULL, 'Tn vers 22h. 8,8', 5, 14, '2003-01-17'),
(851, '2.6', '10.7', '6.7', NULL, NULL, NULL, NULL, '0', NULL, NULL, 'Averse moderee vers 3h du matin. Journee tres ensoleille malgre quelques cumulus.', 5, 14, '2003-01-18'),
(852, '1.4', '9.1', '5.3', NULL, NULL, NULL, NULL, '7', NULL, NULL, 'Tn dans la nuit. 0,2 mm de rosee. Bruine toute la journee.', 5, 14, '2003-01-19'),
(853, '6.1', '12.0', '9.1', NULL, NULL, NULL, NULL, '7', NULL, NULL, 'Journee assez nuageuse. Pluies moderees la nuit suivante avec vent de Sud soutenu.', 5, 14, '2003-01-20'),
(854, '8.2', '14.5', '11.4', NULL, NULL, NULL, NULL, '18', NULL, NULL, 'Fortes pluies en matinnee, belles eclaircies l''AM. Temps doux.', 5, 14, '2003-01-21'),
(855, '3.8', '12.5', '8.2', NULL, NULL, NULL, NULL, '0', NULL, NULL, 'Temps passagerement nuageux. Leger mistral. Rosee: 0,1 mm', 5, 14, '2003-01-22'),
(856, '3.9', '10.9', '7.4', NULL, NULL, NULL, NULL, '0', NULL, NULL, 'Mistral modere toute la journee. Quelques cumuls inofensifs.', 5, 14, '2003-01-23'),
(857, '1.1', '14.4', '7.8', NULL, NULL, NULL, NULL, '0', NULL, NULL, 'Absent', 5, 14, '2003-01-24'),
(858, '-0.3', '13.3', '6.5', NULL, NULL, NULL, NULL, '0', NULL, NULL, 'Absent', 5, 14, '2003-01-25'),
(859, '-0.6', '12.1', '5.8', NULL, NULL, NULL, NULL, '0', NULL, NULL, 'Absent', 5, 14, '2003-01-26'),
(860, '-0.4', '13.9', '6.8', NULL, NULL, NULL, NULL, '0', NULL, NULL, 'Givre en debut de matinee. Apres-midi sans nuages.', 5, 14, '2003-01-27'),
(861, '1.8', '16.1', '9.0', NULL, NULL, NULL, NULL, '0', NULL, NULL, 'Givre en fin de nuit. Radoucissement important en matinee. Rosee: 0,1 mm. Mistral violent.', 5, 14, '2003-01-28'),
(862, '2.1', '9.6', '5.9', NULL, NULL, NULL, NULL, '0', NULL, NULL, 'Fort mistral toute la journee. Cumulus inoffensifs. Chute importante des T.', 5, 14, '2003-01-29'),
(863, '2.7', '7.3', '5.0', NULL, NULL, NULL, NULL, '7', NULL, NULL, 'Mistral faible l AM avec quelques cumulus. Fortes chutes de neige a partir de 00h45 donnant 4 cm sur', 5, 14, '2003-01-30'),
(864, '0.0', '3.7', '1.9', NULL, NULL, NULL, NULL, '4', NULL, NULL, '3 cm sur la planche a 8h. Fortes chutes de neige de 9h a 11h30. 8 cm sur la planche a 12h. 4cm a 19h', 5, 14, '2003-01-31'),
(865, '4.3', '14.6', '9.5', NULL, NULL, NULL, NULL, '2', NULL, NULL, 'Couvert. Faibles pluies en soiree. Rosee: 0,1 mm', 5, 14, '2003-03-01'),
(866, '6.0', '14.3', '10.2', NULL, NULL, NULL, NULL, '1', NULL, NULL, 'Averse en milieu de matinee. Eclaircies l''AM.', 5, 14, '2003-03-02'),
(867, '5.9', '15.9', '10.9', NULL, NULL, NULL, NULL, '0', NULL, NULL, 'Ciel degage le matin, voile l''AM.', 5, 14, '2003-03-03'),
(868, '4.0', '17.9', '11.0', NULL, NULL, NULL, NULL, '0', NULL, NULL, 'Degage le matin. Quelques banc de nuages eleves l''AM. Vent de SO faible.', 5, 14, '2003-03-04'),
(869, '5.9', '16.0', '11.0', NULL, NULL, NULL, NULL, '0', NULL, NULL, 'Ciel voile par des nuages eleves de plus en plus dense au fil de la journee.', 5, 14, '2003-03-05'),
(870, '6.3', '14.4', '10.4', NULL, NULL, NULL, NULL, '3', NULL, NULL, 'Faibles pluies le matin. Eclaircies l''AM avec un vent de NO modere se renforcant en soiree.', 5, 14, '2003-03-06'),
(871, '2.8', '16.2', '9.5', NULL, NULL, NULL, NULL, '0', NULL, NULL, 'Ciel voile. Impressiont de beau temps dominant.', 5, 14, '2003-03-07'),
(872, '1.6', '17.5', '9.6', NULL, NULL, NULL, NULL, '0', NULL, NULL, 'Passages de nuages eleves sans consequences.', 5, 14, '2003-03-08'),
(873, '4.4', '16.4', '10.4', NULL, NULL, NULL, NULL, '0', NULL, NULL, 'Ensoleille. 2/8 de cumulus.', 5, 14, '2003-03-09'),
(874, '3.2', '17.3', '10.3', NULL, NULL, NULL, NULL, '0', NULL, NULL, 'Grand bleu. Brises de SO faibles.', 5, 14, '2003-03-10'),
(875, '2.9', '16.8', '9.9', NULL, NULL, NULL, NULL, '0', NULL, NULL, 'Ciel voile 5/8. Brise de SO moderee l''AM.', 5, 14, '2003-03-11'),
(876, '7.7', '15.4', '11.6', NULL, NULL, NULL, NULL, '0', NULL, NULL, 'Ciel degage toute la journee. Brise de SO faible.', 5, 14, '2003-03-12'),
(877, '5.3', '17.7', '11.5', NULL, NULL, NULL, NULL, '0', NULL, NULL, 'Ensoleille. 3/8 de cumulus.', 5, 14, '2003-03-13'),
(878, '4.4', '17.8', '11.1', NULL, NULL, NULL, NULL, '0', NULL, NULL, 'Soleil dominant. Nuages instables l''AM au Nord et a l''Est. Ciel se couvrant par l''Est en soiree.', 5, 14, '2003-03-14'),
(879, '5.7', '11.1', '8.4', NULL, NULL, NULL, NULL, '0', NULL, NULL, 'Couvert jusqu''en milieu d''AM avec un vent de NE modere. Quelques gouttes. Degage en soiree. Tn a 18h', 5, 14, '2003-03-15'),
(880, '0.3', '12.9', '6.6', NULL, NULL, NULL, NULL, '0', NULL, NULL, 'Ensoleille. Givre important en debut de matinee.', 5, 14, '2003-03-16'),
(881, '1.5', '15.4', '8.5', NULL, NULL, NULL, NULL, '0', NULL, NULL, 'Ensoleille. Givre le matin. Voile l''AM. Vent de NO faible.', 5, 14, '2003-03-17'),
(882, '1.8', '16.0', '8.9', NULL, NULL, NULL, NULL, '0', NULL, NULL, 'Givre en matinee. Ensoleille l''AM. Cumulonimbus visible au Nord (60-80 km) en debut d''AM.', 5, 14, '2003-03-18'),
(883, '0.7', '16.9', '8.8', NULL, NULL, NULL, NULL, '0', NULL, NULL, 'Journee ensoleille. Vent quasi nul.', 5, 14, '2003-03-19'),
(884, '1.8', '18.0', '9.9', NULL, NULL, NULL, NULL, '0', NULL, NULL, 'Grand bleu.', 5, 14, '2003-03-20'),
(885, '3.1', '17.2', '10.2', NULL, NULL, NULL, NULL, '0', NULL, NULL, 'Soleil voile. Temps se couvrant en soiree.', 5, 14, '2003-03-21'),
(886, '6.8', '17.3', '12.1', NULL, NULL, NULL, NULL, '0', NULL, NULL, 'Tres nuageux jusqu''en debut d''apres-midi avec vent d''Est faible puis eclaircies.Degage en soiree.', 5, 14, '2003-03-22'),
(887, '5.1', '17.1', '11.1', NULL, NULL, NULL, NULL, '0', NULL, NULL, 'Ciel degage. Quelques cumulus sur les les reliefs.', 5, 14, '2003-03-23'),
(888, '2.6', '16.9', '9.8', NULL, NULL, NULL, NULL, '0', NULL, NULL, 'Degage. Brises de Sud-Ouest l''AM.', 5, 14, '2003-03-24'),
(889, '1.8', '16.1', '9.0', NULL, NULL, NULL, NULL, '0', NULL, NULL, 'Ensoleille. Legere brise de SO l''AM.', 5, 14, '2003-03-25'),
(890, '2.4', '15.7', '9.1', NULL, NULL, NULL, NULL, '0', NULL, NULL, 'Soleil, quelques cumulus dans l''interieur. Brises l''AM.', 5, 14, '2003-03-26'),
(891, '4.6', '16.0', '10.3', NULL, NULL, NULL, NULL, '0', NULL, NULL, 'Soleil voile. Se couvrant le soir. Faible averse la nuit suivante.', 5, 14, '2003-03-27'),
(892, '9.3', '21.1', '15.2', NULL, NULL, NULL, NULL, '0', NULL, NULL, 'Quelques gouttes en debut de matinnee. Nuageux avec quelques eclaricies l''AM.', 5, 14, '2003-03-28'),
(893, '10.0', '20.9', '15.5', NULL, NULL, NULL, NULL, '0', NULL, NULL, 'Passages nuageux importants en matinnee. Eclaircie de plus en plus large l''AM.', 5, 14, '2003-03-29'),
(894, '6.6', '18.1', '12.4', NULL, NULL, NULL, NULL, '0', NULL, NULL, 'Couvert . Quelques eclaircies.', 5, 14, '2003-03-30'),
(895, '8.5', '21.4', '15.0', NULL, NULL, NULL, NULL, '0', NULL, NULL, 'Matinee ensoleillee. Cumulonimbus observe l''apres-midi sur le massif du Garlaban. Quelques gouttes v', 5, 14, '2003-03-31'),
(926, '7.4', '19.5', NULL, '1015.1', '1019.2', '29.0', 'ESE', '64', NULL, NULL, NULL, 5, 14, '2003-04-01'),
(927, '8.5', '14.2', NULL, '994.9', '1012.8', '72.4', 'NW', '15', NULL, NULL, NULL, 5, 14, '2003-04-02'),
(928, '7.3', '16.4', NULL, '994.5', '1008.6', '38.6', 'NW', '8', NULL, NULL, NULL, 5, 14, '2003-04-03'),
(929, '8.0', '14.0', NULL, '1008.6', '1013.9', '27.4', 'NW', '18', NULL, NULL, NULL, 5, 14, '2003-04-04'),
(930, '3.4', '17.9', NULL, '1005.5', '1014.0', '32.2', 'WNW', '15', NULL, NULL, NULL, 5, 14, '2003-04-05'),
(931, '9.8', '20.5', NULL, '1000.8', '1005.3', '38.6', 'NW', '23', NULL, NULL, NULL, 5, 14, '2003-04-06'),
(932, '6.2', '10.8', NULL, '1005.6', '1017.5', '33.8', 'W', '1', NULL, NULL, NULL, 5, 14, '2003-04-07'),
(933, '5.3', '10.6', NULL, '1016.3', '1020.2', '42.0', 'SE', '10', NULL, NULL, NULL, 5, 14, '2003-04-08'),
(934, '7.1', '10.6', NULL, '1005.2', '1016.1', '33.8', 'WSW', '74', NULL, NULL, NULL, 5, 14, '2003-04-09'),
(935, '5.8', '13.5', NULL, '1002.1', '1009.5', '45.1', 'SSE', '21', NULL, NULL, NULL, 5, 14, '2003-04-10'),
(936, '3.7', '14.1', NULL, '1007.9', '1012.4', '53.1', 'N', '4', NULL, NULL, NULL, 5, 14, '2003-04-11'),
(937, '6.9', '15.7', NULL, '1012.2', '1019.1', '32.2', 'WNW', '15', NULL, NULL, NULL, 5, 14, '2003-04-12'),
(938, '6.0', '18.8', NULL, '1016.2', '1019.7', '35.4', 'SE', '3', NULL, NULL, NULL, 5, 14, '2003-04-13'),
(939, '13.3', '19.8', NULL, '1012.6', '1015.0', '51.5', 'E', '11', NULL, NULL, NULL, 5, 14, '2003-04-14'),
(940, '14.2', '20.2', NULL, '1015.2', '1018.5', '57.9', 'N', '11', NULL, NULL, NULL, 5, 14, '2003-04-15'),
(941, '10.9', '20.9', NULL, '1018.3', '1021.7', '32.2', 'E', '11', NULL, NULL, NULL, 5, 14, '2003-04-16'),
(942, '10.4', '22.4', NULL, '1019.8', '1021.7', '29.0', 'W', '10', NULL, NULL, NULL, 5, 14, '2003-04-17'),
(943, '11.8', '20.9', NULL, '1011.7', '1021.1', '38.6', 'SW', '13', NULL, NULL, NULL, 5, 14, '2003-04-18'),
(944, '8.0', '17.2', NULL, '1007.6', '1011.6', '38.6', 'S', '0', NULL, NULL, NULL, 5, 14, '2003-04-19'),
(945, '10.8', '15.7', NULL, '1005.9', '1013.0', '45.1', 'S', '1', NULL, NULL, NULL, 5, 14, '2003-04-20'),
(946, '9.1', '17.1', NULL, '1012.7', '1016.0', '29.0', 'S', '1673', NULL, NULL, NULL, 5, 14, '2003-04-21'),
(947, '6.2', '19.9', NULL, '1011.7', '1015.4', '27.4', 'SE', '17', NULL, NULL, NULL, 5, 14, '2003-04-22'),
(948, '7.7', '21.3', NULL, '1011.4', '1015.5', '27.4', 'NW', '15', NULL, NULL, NULL, 5, 14, '2003-04-23'),
(949, '7.3', '21.1', NULL, '1015.4', '1018.8', '32.2', 'S', '3', NULL, NULL, NULL, 5, 14, '2003-04-24'),
(950, '10.3', '18.4', NULL, '1017.5', '1020.1', '41.8', 'SE', '22', NULL, NULL, NULL, 5, 14, '2003-04-25'),
(951, '10.6', '19.1', NULL, '1016.1', '1018.8', '33.8', 'S', '3', NULL, NULL, NULL, 5, 14, '2003-04-26'),
(952, '10.9', '19.8', NULL, '1017.2', '1018.9', '35.4', 'NW', '14', NULL, NULL, NULL, 5, 14, '2003-04-27'),
(953, '9.2', '20.2', NULL, '1014.9', '1017.1', '40.2', 'SSE', '18', NULL, NULL, NULL, 5, 14, '2003-04-28'),
(954, '14.0', '23.7', NULL, '1014.6', '1016.9', '43.5', 'S', '1', NULL, NULL, NULL, 5, 14, '2003-04-29'),
(955, '16.4', '20.8', NULL, '1011.9', '1021.4', '54.7', 'SE', '0', NULL, NULL, NULL, 5, 14, '2003-04-30'),
(956, '9.2', '23.3', '19.7', '1018.9', '1022.1', '27.4', 'WNW', '0', 55, NULL, 'Ensoleille. Ciel se voilant de cirrus l''AM. Couvert en soiree. Petit vent de NW tourant SE en soiree', 5, 14, '2003-05-01'),
(957, '14.0', '23.9', '24.9', '1015.7', '1019.6', '30.6', 'WNW', '0', 30, NULL, 'Petite averse de pluie en debut de matinnee accompagnee de sable. Voitures recouvertes de boue. Ciel', 5, 14, '2003-05-02'),
(958, '12.5', '25.0', '23.1', '1018.1', '1021.0', '30.6', 'WNW', '0', 38, NULL, 'Ensoleille. Leger mistral.', 5, 14, '2003-05-03'),
(959, '11.7', '27.6', '19.4', '1015.9', '1021.0', '40.2', 'SSE', '0', 58, NULL, 'Ensoleile. Passages nuageux en fin d''AM. Vent d''Est sensible.', 5, 14, '2003-05-04'),
(960, '22.5', '27.4', '16.9', '1011.7', '1015.8', '56.3', 'SE', '0', 66, NULL, 'Ciel Chaotique. 5/8 d''altocumulus castellanus et floccus. Belles eclaircies. Vent de SE fort.', 5, 14, '2003-05-05'),
(961, '17.1', '29.1', '19.1', '1011.4', '1013.9', '51.5', 'E', '0', 53, NULL, 'Ensoleille. 3/8 de cirrus. Vent de SE modere toute la journee.', 5, 14, '2003-05-06'),
(962, '15.6', '23.2', '18.4', '1011.4', '1022.4', '59.5', 'SSE', '1', 68, NULL, 'Matinee agreable. Vent fort de SE. Cie se couvrant en debut d''AM avec petites pluies entre 12h10 et', 5, 14, '2003-05-07'),
(963, '10.8', '23.1', '18.6', '1017.8', '1022.5', '32.2', 'NW', '0', 64, NULL, 'Matinnee ensoleillee. Temps se couvant d''altocumulus caltellanus l''AM.', 5, 14, '2003-05-08'),
(964, '11.8', '26.3', '18.6', '1014.8', '1017.9', '35.4', 'NW', '0', 65, NULL, 'Temps ensoleille. Cirrus l''AM.', 5, 14, '2003-05-09'),
(965, '13.6', '23.1', '17.9', '1015.1', '1019.3', '25.7', 'SSW', '0', 60, NULL, 'Nuageux puis couvert en fin de matinee. Petite pluies de 09h43 a 10h40. Intensite max sur 1 min: 2,2', 5, 14, '2003-05-10'),
(966, '12.9', '24.3', '15.3', '1017.4', '1019.2', '27.4', 'NW', '0', 36, NULL, 'Beau temps. Cumulus se developpant l''AM sur les reliefs de la Ste Baume et du Garlaban. Cumulonimbus', 5, 14, '2003-05-11'),
(967, '12.8', '24.4', '15.4', '1016.2', '1018.3', '33.8', 'WNW', '0', 51, NULL, 'Beau temps. 4/8 de cirrus l''AM. Mistral faible.', 5, 14, '2003-05-12'),
(968, '12.5', '23.3', '15.8', '1014.7', '1018.1', '53.1', 'NW', '0', 60, NULL, 'Beau temps. 1/8 cumulus. Mistral fort.', 5, 14, '2003-05-13'),
(969, '11.4', '19.1', '16.0', '1017.5', '1019.0', '62.8', 'NW', '0', 60, NULL, 'Beau temps. Mistral violent toute la journee tombant en fin de soiree. Vent moyen max sur 10 minutes', 5, 14, '2003-05-14'),
(970, '10.4', '20.4', '16.4', '1017.1', '1018.6', '33.8', 'NW', '0', 67, NULL, 'Beau temps. 4/8 Cirrus l''AM et en soiree.', 5, 14, '2003-05-15'),
(971, '10.9', '20.6', '16.9', '1014.6', '1017.6', '48.3', 'SE', '0', 75, NULL, 'Beau temps. 4/8 Cirrus et cumulus Mediocris l''AM.', 5, 14, '2003-05-16'),
(972, '10.6', '21.4', '17.0', '1015.3', '1020.1', '25.7', 'ESE', '1', 59, NULL, 'Petite averse de pluie en tout debut de matinee. Eclairicies l''AM. Cumulus mediocris et congestus su', 5, 14, '2003-05-17'),
(973, '10.6', '22.3', '16.6', '1019.5', '1022.0', '30.6', 'WNW', '0', 47, NULL, 'Beau temps. 5/8 de cirrus l''AM.', 5, 14, '2003-05-18'),
(974, '12.1', '21.8', '18.7', '1017.4', '1020.9', '38.6', 'SE', '4', 45, NULL, 'Beau temps le matin, 3/4 cirrus l''AM. 8/8 d''altocumulus et stratocumulus en soiree. Faibles pluies d', 5, 14, '2003-05-19'),
(975, '12.8', '21.2', '19.7', '1019.1', '1022.8', '62.8', 'NW', '0', 48, NULL, 'Beau temps. Fort mistral. 3/8 de cumulus l''AM. Vent moyen max sur 10 minutes: 33,8 km/h', 5, 14, '2003-05-20'),
(976, '12.7', '20.4', '18.1', '1021.7', '1024.0', '66.0', 'NW', '0', 56, NULL, 'Beau temps. Mistral violent toute la journee faiblissant en fin de soiree. Vent moyen max sur 10 min', 5, 14, '2003-05-21'),
(977, '12.3', '25.1', '16.4', '1019.1', '1025.0', '48.3', 'NW', '0', 70, NULL, 'Ciel 2/8 d''altocumulus lenticulaires. Mistral modere.', 5, 14, '2003-05-22');

-- --------------------------------------------------------

--
-- Structure de la table `station_meteo`
--

CREATE TABLE IF NOT EXISTS `station_meteo` (
  `idStation` int(10) unsigned NOT NULL AUTO_INCREMENT,
  `nom` varchar(200) COLLATE utf8_unicode_ci NOT NULL DEFAULT '',
  `numInsee` char(8) COLLATE utf8_unicode_ci NOT NULL,
  `altitude` smallint(6) DEFAULT NULL,
  PRIMARY KEY (`idStation`),
  KEY `numInsee` (`numInsee`)
) ENGINE=InnoDB  DEFAULT CHARSET=utf8 COLLATE=utf8_unicode_ci AUTO_INCREMENT=16 ;

--
-- Contenu de la table `station_meteo`
--

INSERT INTO `station_meteo` (`idStation`, `nom`, `numInsee`, `altitude`) VALUES
(1, 'Haguenau Météo', 'COM67180', 148),
(2, 'Météo du Blaisois', 'COM41018', 107),
(3, 'Alsace Prévisions Météo', 'COM67482', 153),
(4, 'Météo Touraine Prévision', 'COM37261', 50),
(5, 'Côte d''azur-Météo', 'COM6088', 4),
(6, 'Der Météo', 'COM52448', 139),
(7, 'Champagne Météo', 'COM51454', 95),
(8, 'Météo de l''Aube', 'COM10387', 118),
(9, 'Météo41', 'COM41194', 85),
(10, 'Météo37', 'COM37003', 58),
(11, 'Météo CR', 'COM37063', 87),
(12, 'Grenoble Météo', 'COM38185', 384),
(13, 'Mont-Blanc Météo', 'COM74056', 1042),
(14, 'Meteo_sud13', 'COM13005', 101);

--
-- Contraintes pour les tables exportées
--

--
-- Contraintes pour la table `departement`
--
ALTER TABLE `departement`
  ADD CONSTRAINT `departement_ibfk_1` FOREIGN KEY (`codeRegion`) REFERENCES `region` (`codeRegion`);

--
-- Contraintes pour la table `personne`
--
ALTER TABLE `personne`
  ADD CONSTRAINT `personne_ibfk_2` FOREIGN KEY (`idStation`) REFERENCES `station_meteo` (`idStation`);

--
-- Contraintes pour la table `releve`
--
ALTER TABLE `releve`
  ADD CONSTRAINT `releve_ibfk_4` FOREIGN KEY (`idPersonne`) REFERENCES `personne` (`idPersonne`),
  ADD CONSTRAINT `releve_ibfk_5` FOREIGN KEY (`idStation`) REFERENCES `station_meteo` (`idStation`);

--
-- Contraintes pour la table `commune`
--
ALTER TABLE `commune`
  ADD CONSTRAINT `commune_ibfk_2` FOREIGN KEY (`numDept`) REFERENCES `departement` (`numDept`);
  

  
  
/*!40101 SET CHARACTER_SET_CLIENT=@OLD_CHARACTER_SET_CLIENT */;
/*!40101 SET CHARACTER_SET_RESULTS=@OLD_CHARACTER_SET_RESULTS */;
/*!40101 SET COLLATION_CONNECTION=@OLD_COLLATION_CONNECTION */;
